-- --------------------------------------------------------
-- Host:                         paksa-pub.c46t2absfwgx.ap-northeast-1.rds.amazonaws.com
-- Server version:               5.6.34-log - MySQL Community Server (GPL)
-- Server OS:                    Linux
-- HeidiSQL Version:             9.1.0.4867
-- --------------------------------------------------------

/*!40101 SET @OLD_CHARACTER_SET_CLIENT=@@CHARACTER_SET_CLIENT */;
/*!40101 SET NAMES utf8mb4 */;
/*!40014 SET @OLD_FOREIGN_KEY_CHECKS=@@FOREIGN_KEY_CHECKS, FOREIGN_KEY_CHECKS=0 */;
/*!40101 SET @OLD_SQL_MODE=@@SQL_MODE, SQL_MODE='NO_AUTO_VALUE_ON_ZERO' */;

-- Dumping structure for table free.AAA_TEST
CREATE TABLE IF NOT EXISTS `AAA_TEST` (
  `CAM` int(11) NOT NULL,
  `ACU` varchar(3) NOT NULL,
  `aval` varchar(45) DEFAULT NULL,
  PRIMARY KEY (`CAM`,`ACU`)
) ENGINE=InnoDB DEFAULT CHARSET=utf8;

-- Dumping data for table free.AAA_TEST: ~1,164 rows (approximately)
DELETE FROM `AAA_TEST`;
/*!40000 ALTER TABLE `AAA_TEST` DISABLE KEYS */;
INSERT INTO `AAA_TEST` (`CAM`, `ACU`, `aval`) VALUES
	(2, '005', NULL),
	(5, '009', NULL),
	(15, '001', NULL),
	(15, '003', NULL),
	(15, '010', NULL),
	(16, '010', NULL),
	(16, '012', NULL),
	(18, '004', NULL),
	(19, '004', NULL),
	(20, '006', NULL),
	(21, '006', NULL),
	(23, '007', NULL),
	(24, '008', NULL),
	(25, '010', NULL),
	(27, '002', NULL),
	(28, '004', NULL),
	(28, '005', NULL),
	(28, '006', NULL),
	(30, '008', NULL),
	(30, '009', NULL),
	(31, '011', NULL),
	(31, '012', NULL),
	(33, '007', NULL),
	(36, '007', NULL),
	(38, '001', NULL),
	(39, '010', NULL),
	(39, '011', NULL),
	(40, '044', NULL),
	(41, '044', NULL),
	(42, '046', NULL),
	(43, '046', NULL),
	(63, '009', NULL),
	(70, '039', NULL),
	(74, '039', NULL),
	(75, '039', NULL),
	(76, '027', NULL),
	(76, '028', NULL),
	(77, '031', NULL),
	(78, '032', NULL),
	(79, '003', NULL),
	(79, '010', NULL),
	(79, '032', NULL),
	(79, '033', NULL),
	(79, '148', NULL),
	(80, '032', NULL),
	(81, '032', NULL),
	(82, '036', NULL),
	(83, '040', NULL),
	(83, '041', NULL),
	(84, '038', NULL),
	(87, '035', NULL),
	(93, '068', NULL),
	(95, '002', NULL),
	(95, '004', NULL),
	(96, '068', NULL),
	(97, '006', NULL),
	(98, '070', NULL),
	(99, '074', NULL),
	(100, '007', NULL),
	(101, '079', NULL),
	(102, '008', NULL),
	(102, '012', NULL),
	(104, '079', NULL),
	(109, '122', NULL),
	(110, '065', NULL),
	(111, '081', NULL),
	(112, '083', NULL),
	(113, '072', NULL),
	(116, '083', NULL),
	(117, '083', NULL),
	(118, '061', NULL),
	(123, '083', NULL),
	(126, '065', NULL),
	(127, '047', NULL),
	(127, '088', NULL),
	(128, '065', NULL),
	(128, '088', NULL),
	(129, '088', NULL),
	(130, '088', NULL),
	(131, '088', NULL),
	(132, '088', NULL),
	(133, '072', NULL),
	(134, '072', NULL),
	(134, '088', NULL),
	(135, '076', NULL),
	(135, '104', NULL),
	(136, '076', NULL),
	(136, '104', NULL),
	(137, '076', NULL),
	(137, '122', NULL),
	(138, '104', NULL),
	(139, '104', NULL),
	(139, '120', NULL),
	(140, '104', NULL),
	(141, '104', NULL),
	(141, '120', NULL),
	(142, '081', NULL),
	(143, '081', NULL),
	(143, '104', NULL),
	(146, '061', NULL),
	(147, '061', NULL),
	(148, '061', NULL),
	(149, '061', NULL),
	(150, '060', NULL),
	(151, '060', NULL),
	(152, '065', NULL),
	(153, '065', NULL),
	(154, '092', NULL),
	(155, '093', NULL),
	(156, '100', NULL),
	(157, '100', NULL),
	(158, '100', NULL),
	(159, '100', NULL),
	(160, '100', NULL),
	(161, '100', NULL),
	(162, '100', NULL),
	(163, '098', NULL),
	(164, '098', NULL),
	(165, '093', NULL),
	(166, '093', NULL),
	(167, '090', NULL),
	(168, '072', NULL),
	(169, '072', NULL),
	(169, '076', NULL),
	(170, '076', NULL),
	(170, '122', NULL),
	(171, '109', NULL),
	(172, '110', NULL),
	(173, '114', NULL),
	(174, '116', NULL),
	(175, '116', NULL),
	(176, '116', NULL),
	(177, '116', NULL),
	(178, '116', NULL),
	(179, '116', NULL),
	(180, '116', NULL),
	(181, '114', NULL),
	(182, '110', NULL),
	(183, '109', NULL),
	(184, '106', NULL),
	(185, '081', NULL),
	(186, '083', NULL),
	(188, '083', NULL),
	(190, '083', NULL),
	(191, '083', NULL),
	(192, '084', NULL),
	(193, '084', NULL),
	(194, '084', NULL),
	(195, '084', NULL),
	(196, '084', NULL),
	(197, '065', NULL),
	(197, '088', NULL),
	(198, '072', NULL),
	(200, '081', NULL),
	(203, '088', NULL),
	(206, '098', NULL),
	(208, '114', NULL),
	(209, '114', NULL),
	(210, '084', NULL),
	(213, '084', NULL),
	(214, '061', NULL),
	(217, '122', NULL),
	(218, '068', NULL),
	(218, '069', NULL),
	(219, '069', NULL),
	(219, '143', NULL),
	(220, '068', NULL),
	(220, '069', NULL),
	(222, '068', NULL),
	(222, '069', NULL),
	(223, '068', NULL),
	(225, '070', NULL),
	(226, '068', NULL),
	(227, '070', NULL),
	(227, '071', NULL),
	(228, '070', NULL),
	(229, '075', NULL),
	(230, '074', NULL),
	(230, '149', NULL),
	(231, '074', NULL),
	(231, '079', NULL),
	(232, '149', NULL),
	(234, '079', NULL),
	(235, '079', NULL),
	(236, '079', NULL),
	(236, '080', NULL),
	(237, '079', NULL),
	(238, '079', NULL),
	(238, '080', NULL),
	(239, '079', NULL),
	(239, '080', NULL),
	(239, '152', NULL),
	(240, '144', NULL),
	(240, '145', NULL),
	(243, '147', NULL),
	(244, '149', NULL),
	(247, '150', NULL),
	(247, '151', NULL),
	(248, '143', NULL),
	(249, '152', NULL),
	(250, '027', NULL),
	(261, '143', NULL),
	(262, '147', NULL),
	(264, '068', NULL),
	(265, '028', NULL),
	(265, '069', NULL),
	(266, '028', NULL),
	(266, '069', NULL),
	(267, '028', NULL),
	(267, '069', NULL),
	(268, '028', NULL),
	(268, '069', NULL),
	(269, '028', NULL),
	(269, '071', NULL),
	(270, '028', NULL),
	(270, '071', NULL),
	(271, '027', NULL),
	(271, '028', NULL),
	(271, '075', NULL),
	(271, '144', NULL),
	(272, '028', NULL),
	(272, '075', NULL),
	(273, '028', NULL),
	(273, '080', NULL),
	(274, '028', NULL),
	(274, '080', NULL),
	(275, '028', NULL),
	(275, '079', NULL),
	(276, '028', NULL),
	(276, '079', NULL),
	(314, '115', NULL),
	(315, '038', NULL),
	(316, '148', NULL),
	(318, '153', NULL),
	(319, '141', NULL),
	(320, '141', NULL),
	(321, '141', NULL),
	(321, '142', NULL),
	(322, '142', NULL),
	(323, '143', NULL),
	(324, '143', NULL),
	(325, '144', NULL),
	(328, '154', NULL),
	(329, '154', NULL),
	(330, '154', NULL),
	(331, '155', NULL),
	(332, '155', NULL),
	(333, '156', NULL),
	(334, '155', NULL),
	(337, '146', NULL),
	(338, '148', NULL),
	(339, '148', NULL),
	(340, '120', NULL),
	(342, '150', NULL),
	(343, '152', NULL),
	(344, '153', NULL),
	(345, '153', NULL),
	(346, '153', NULL),
	(349, '157', NULL),
	(350, '157', NULL),
	(351, '157', NULL),
	(352, '158', NULL),
	(353, '158', NULL),
	(354, '159', NULL),
	(355, '159', NULL),
	(357, '027', NULL),
	(357, '068', NULL),
	(357, '069', NULL),
	(358, '028', NULL),
	(358, '068', NULL),
	(358, '069', NULL),
	(359, '068', NULL),
	(359, '069', NULL),
	(360, '068', NULL),
	(360, '069', NULL),
	(361, '070', NULL),
	(361, '071', NULL),
	(362, '074', NULL),
	(362, '075', NULL),
	(363, '079', NULL),
	(364, '079', NULL),
	(364, '080', NULL),
	(365, '079', NULL),
	(365, '080', NULL),
	(366, '028', NULL),
	(366, '079', NULL),
	(366, '080', NULL),
	(367, '079', NULL),
	(367, '080', NULL),
	(375, '172', NULL),
	(376, '175', NULL),
	(378, '144', NULL),
	(381, '149', NULL),
	(382, '150', NULL),
	(384, '080', NULL),
	(384, '152', NULL),
	(386, '145', NULL),
	(387, '151', NULL),
	(388, '143', NULL),
	(390, '155', NULL),
	(393, '088', NULL),
	(397, '104', NULL),
	(398, '146', NULL),
	(402, '065', NULL),
	(403, '088', NULL),
	(414, '104', NULL),
	(417, '220', NULL),
	(418, '220', NULL),
	(419, '081', NULL),
	(420, '081', NULL),
	(421, '027', NULL),
	(423, '027', NULL),
	(424, '029', NULL),
	(427, '029', NULL),
	(430, '031', NULL),
	(431, '031', NULL),
	(433, '036', NULL),
	(434, '033', NULL),
	(435, '032', NULL),
	(437, '036', NULL),
	(439, '035', NULL),
	(440, '037', NULL),
	(443, '039', NULL),
	(443, '040', NULL),
	(444, '027', NULL),
	(445, '021', NULL),
	(445, '023', NULL),
	(445, '028', NULL),
	(447, '031', NULL),
	(447, '032', NULL),
	(448, '032', NULL),
	(450, '037', NULL),
	(461, '001', NULL),
	(462, '001', NULL),
	(463, '001', NULL),
	(463, '002', NULL),
	(464, '001', NULL),
	(465, '004', NULL),
	(466, '004', NULL),
	(467, '004', NULL),
	(467, '005', NULL),
	(468, '005', NULL),
	(469, '006', NULL),
	(470, '006', NULL),
	(471, '143', NULL),
	(472, '006', NULL),
	(473, '007', NULL),
	(474, '145', NULL),
	(475, '007', NULL),
	(476, '007', NULL),
	(477, '008', NULL),
	(477, '009', NULL),
	(478, '009', NULL),
	(479, '008', NULL),
	(480, '008', NULL),
	(481, '010', NULL),
	(482, '010', NULL),
	(483, '010', NULL),
	(483, '011', NULL),
	(487, '003', NULL),
	(491, '144', NULL),
	(491, '145', NULL),
	(492, '146', NULL),
	(492, '147', NULL),
	(493, '144', NULL),
	(493, '148', NULL),
	(493, '149', NULL),
	(494, '150', NULL),
	(494, '151', NULL),
	(496, '008', NULL),
	(506, '006', NULL),
	(507, '007', NULL),
	(514, '039', NULL),
	(519, '012', NULL),
	(568, '047', NULL),
	(579, '145', NULL),
	(580, '041', NULL),
	(581, '041', NULL),
	(582, '041', NULL),
	(583, '041', NULL),
	(584, '041', NULL),
	(585, '041', NULL),
	(586, '041', NULL),
	(587, '041', NULL),
	(589, '151', NULL),
	(598, '092', NULL),
	(598, '093', NULL),
	(600, '110', NULL),
	(602, '022', NULL),
	(603, '022', NULL),
	(604, '022', NULL),
	(605, '022', NULL),
	(606, '021', NULL),
	(607, '027', NULL),
	(608, '027', NULL),
	(609, '030', NULL),
	(610, '044', NULL),
	(611, '044', NULL),
	(612, '044', NULL),
	(613, '099', NULL),
	(614, '099', NULL),
	(615, '099', NULL),
	(616, '099', NULL),
	(617, '099', NULL),
	(618, '044', NULL),
	(619, '044', NULL),
	(620, '044', NULL),
	(621, '029', NULL),
	(622, '031', NULL),
	(623, '032', NULL),
	(624, '032', NULL),
	(625, '046', NULL),
	(626, '046', NULL),
	(627, '046', NULL),
	(628, '115', NULL),
	(629, '115', NULL),
	(630, '115', NULL),
	(631, '115', NULL),
	(632, '115', NULL),
	(633, '046', NULL),
	(634, '046', NULL),
	(635, '046', NULL),
	(636, '035', NULL),
	(637, '038', NULL),
	(638, '038', NULL),
	(639, '039', NULL),
	(640, '039', NULL),
	(641, '039', NULL),
	(642, '039', NULL),
	(643, '039', NULL),
	(644, '039', NULL),
	(648, '072', NULL),
	(649, '122', NULL),
	(708, '172', NULL),
	(709, '172', NULL),
	(710, '172', NULL),
	(711, '175', NULL),
	(712, '175', NULL),
	(713, '175', NULL),
	(721, '144', NULL),
	(726, '144', NULL),
	(737, '149', NULL),
	(742, '149', NULL),
	(745, '150', NULL),
	(750, '150', NULL),
	(753, '014', NULL),
	(764, '172', NULL),
	(765, '175', NULL),
	(769, '145', NULL),
	(773, '088', NULL),
	(781, '171', NULL),
	(782, '151', NULL),
	(783, '151', NULL),
	(784, '172', NULL),
	(785, '172', NULL),
	(788, '175', NULL),
	(793, '175', NULL),
	(794, '176', NULL),
	(814, '143', NULL),
	(817, '152', NULL),
	(822, '007', NULL),
	(825, '041', NULL),
	(848, '068', NULL),
	(852, '068', NULL),
	(852, '144', NULL),
	(853, '070', NULL),
	(854, '074', NULL),
	(855, '150', NULL),
	(869, '070', NULL),
	(870, '074', NULL),
	(871, '072', NULL),
	(872, '072', NULL),
	(873, '040', NULL),
	(874, '083', NULL),
	(874, '084', NULL),
	(877, '083', NULL),
	(877, '084', NULL),
	(882, '061', NULL),
	(884, '072', NULL),
	(885, '072', NULL),
	(886, '076', NULL),
	(888, '081', NULL),
	(890, '083', NULL),
	(890, '084', NULL),
	(893, '092', NULL),
	(897, '109', NULL),
	(900, '141', NULL),
	(903, '143', NULL),
	(903, '145', NULL),
	(906, '076', NULL),
	(906, '150', NULL),
	(906, '151', NULL),
	(909, '153', NULL),
	(915, '159', NULL),
	(933, '114', NULL),
	(935, '104', NULL),
	(936, '088', NULL),
	(939, '158', NULL),
	(940, '159', NULL),
	(941, '155', NULL),
	(942, '155', NULL),
	(943, '142', NULL),
	(944, '074', NULL),
	(944, '075', NULL),
	(945, '070', NULL),
	(945, '071', NULL),
	(947, '027', NULL),
	(947, '028', NULL),
	(981, '022', NULL),
	(982, '021', NULL),
	(983, '001', NULL),
	(984, '001', NULL),
	(985, '004', NULL),
	(986, '005', NULL),
	(987, '006', NULL),
	(988, '006', NULL),
	(989, '007', NULL),
	(990, '007', NULL),
	(991, '009', NULL),
	(993, '010', NULL),
	(994, '010', NULL),
	(995, '039', NULL),
	(996, '040', NULL),
	(997, '044', NULL),
	(1000, '046', NULL),
	(1121, '241', NULL),
	(1122, '241', NULL),
	(1122, '283', NULL),
	(1123, '241', NULL),
	(1124, '241', NULL),
	(1125, '242', NULL),
	(1126, '242', NULL),
	(1127, '242', NULL),
	(1128, '242', NULL),
	(1129, '243', NULL),
	(1130, '243', NULL),
	(1131, '243', NULL),
	(1132, '243', NULL),
	(1133, '244', NULL),
	(1134, '244', NULL),
	(1135, '244', NULL),
	(1136, '244', NULL),
	(1137, '245', NULL),
	(1138, '245', NULL),
	(1139, '245', NULL),
	(1140, '245', NULL),
	(1141, '246', NULL),
	(1142, '246', NULL),
	(1143, '246', NULL),
	(1144, '247', NULL),
	(1144, '287', NULL),
	(1145, '247', NULL),
	(1145, '287', NULL),
	(1146, '247', NULL),
	(1147, '247', NULL),
	(1148, '251', NULL),
	(1150, '251', NULL),
	(1151, '251', NULL),
	(1152, '242', NULL),
	(1153, '242', NULL),
	(1154, '242', NULL),
	(1156, '219', NULL),
	(1157, '219', NULL),
	(1157, '299', NULL),
	(1157, '304', NULL),
	(1158, '219', NULL),
	(1161, '261', NULL),
	(1161, '262', NULL),
	(1162, '261', NULL),
	(1162, '262', NULL),
	(1162, '263', NULL),
	(1163, '261', NULL),
	(1163, '262', NULL),
	(1164, '262', NULL),
	(1164, '263', NULL),
	(1164, '281', NULL),
	(1165, '263', NULL),
	(1165, '264', NULL),
	(1166, '261', NULL),
	(1166, '262', NULL),
	(1166, '263', NULL),
	(1166, '264', NULL),
	(1167, '263', NULL),
	(1167, '264', NULL),
	(1167, '265', NULL),
	(1168, '263', NULL),
	(1168, '264', NULL),
	(1168, '265', NULL),
	(1169, '264', NULL),
	(1169, '265', NULL),
	(1169, '266', NULL),
	(1170, '264', NULL),
	(1170, '265', NULL),
	(1170, '266', NULL),
	(1171, '265', NULL),
	(1171, '266', NULL),
	(1171, '267', NULL),
	(1172, '265', NULL),
	(1172, '266', NULL),
	(1172, '267', NULL),
	(1173, '266', NULL),
	(1173, '267', NULL),
	(1173, '268', NULL),
	(1174, '266', NULL),
	(1174, '267', NULL),
	(1174, '268', NULL),
	(1175, '267', NULL),
	(1175, '268', NULL),
	(1175, '269', NULL),
	(1176, '267', NULL),
	(1176, '268', NULL),
	(1176, '269', NULL),
	(1177, '268', NULL),
	(1177, '269', NULL),
	(1177, '270', NULL),
	(1178, '268', NULL),
	(1178, '269', NULL),
	(1178, '270', NULL),
	(1179, '269', NULL),
	(1179, '270', NULL),
	(1179, '271', NULL),
	(1180, '269', NULL),
	(1180, '270', NULL),
	(1180, '271', NULL),
	(1181, '270', NULL),
	(1181, '271', NULL),
	(1181, '272', NULL),
	(1182, '270', NULL),
	(1182, '271', NULL),
	(1182, '272', NULL),
	(1183, '275', NULL),
	(1183, '276', NULL),
	(1184, '275', NULL),
	(1184, '276', NULL),
	(1185, '274', NULL),
	(1185, '275', NULL),
	(1185, '276', NULL),
	(1186, '274', NULL),
	(1186, '275', NULL),
	(1186, '276', NULL),
	(1187, '273', NULL),
	(1187, '274', NULL),
	(1187, '275', NULL),
	(1188, '273', NULL),
	(1188, '274', NULL),
	(1188, '275', NULL),
	(1189, '272', NULL),
	(1189, '273', NULL),
	(1189, '274', NULL),
	(1190, '272', NULL),
	(1190, '273', NULL),
	(1190, '274', NULL),
	(1191, '271', NULL),
	(1191, '272', NULL),
	(1191, '273', NULL),
	(1191, '277', NULL),
	(1192, '271', NULL),
	(1192, '272', NULL),
	(1192, '273', NULL),
	(1193, '277', NULL),
	(1193, '278', NULL),
	(1194, '277', NULL),
	(1195, '278', NULL),
	(1195, '279', NULL),
	(1196, '277', NULL),
	(1196, '278', NULL),
	(1196, '279', NULL),
	(1197, '278', NULL),
	(1197, '279', NULL),
	(1198, '278', NULL),
	(1198, '279', NULL),
	(1199, '280', NULL),
	(1199, '281', NULL),
	(1200, '280', NULL),
	(1200, '281', NULL),
	(1201, '262', NULL),
	(1201, '280', NULL),
	(1201, '281', NULL),
	(1202, '262', NULL),
	(1202, '281', NULL),
	(1297, '308', NULL),
	(1302, '201', NULL),
	(1308, '203', NULL),
	(1310, '203', NULL),
	(1315, '203', NULL),
	(1316, '203', NULL),
	(1316, '298', NULL),
	(1319, '206', NULL),
	(1320, '206', NULL),
	(1322, '206', NULL),
	(1323, '207', NULL),
	(1324, '207', NULL),
	(1326, '207', NULL),
	(1327, '208', NULL),
	(1328, '208', NULL),
	(1331, '208', NULL),
	(1332, '209', NULL),
	(1333, '209', NULL),
	(1335, '210', NULL),
	(1336, '210', NULL),
	(1338, '211', NULL),
	(1339, '212', NULL),
	(1340, '212', NULL),
	(1342, '212', NULL),
	(1343, '212', NULL),
	(1344, '213', NULL),
	(1346, '213', NULL),
	(1347, '213', NULL),
	(1350, '214', NULL),
	(1352, '215', NULL),
	(1353, '215', NULL),
	(1354, '215', NULL),
	(1355, '217', NULL),
	(1356, '217', NULL),
	(1358, '217', NULL),
	(1359, '222', NULL),
	(1365, '226', NULL),
	(1367, '226', NULL),
	(1368, '226', NULL),
	(1369, '226', NULL),
	(1372, '227', NULL),
	(1374, '227', NULL),
	(1377, '237', NULL),
	(1380, '240', NULL),
	(1381, '232', NULL),
	(1390, '227', NULL),
	(1393, '035', NULL),
	(1394, '035', NULL),
	(1395, '029', NULL),
	(1396, '029', NULL),
	(1419, '258', NULL),
	(1420, '258', NULL),
	(1521, '255', NULL),
	(1522, '255', NULL),
	(1523, '255', NULL),
	(1524, '255', NULL),
	(1525, '255', NULL),
	(1526, '255', NULL),
	(1527, '256', NULL),
	(1528, '256', NULL),
	(1529, '256', NULL),
	(1530, '256', NULL),
	(1531, '256', NULL),
	(1532, '256', NULL),
	(1533, '256', NULL),
	(1534, '256', NULL),
	(1535, '256', NULL),
	(1536, '256', NULL),
	(1537, '254', NULL),
	(1538, '254', NULL),
	(1539, '254', NULL),
	(1540, '254', NULL),
	(1541, '254', NULL),
	(1542, '254', NULL),
	(1543, '258', NULL),
	(1546, '258', NULL),
	(1547, '258', NULL),
	(1548, '258', NULL),
	(1549, '258', NULL),
	(1550, '258', NULL),
	(1551, '259', NULL),
	(1552, '259', NULL),
	(1561, '259', NULL),
	(1562, '259', NULL),
	(1701, '241', NULL),
	(1701, '283', NULL),
	(1702, '283', NULL),
	(1703, '283', NULL),
	(1704, '283', NULL),
	(1705, '283', NULL),
	(1779, '251', NULL),
	(1780, '251', NULL),
	(1782, '310', NULL),
	(1783, '310', NULL),
	(1784, '310', NULL),
	(1793, '243', NULL),
	(1793, '296', NULL),
	(1794, '243', NULL),
	(1794, '296', NULL),
	(1796, '244', NULL),
	(1796, '252', NULL),
	(1797, '244', NULL),
	(1797, '252', NULL),
	(1798, '252', NULL),
	(1805, '242', NULL),
	(1806, '242', NULL),
	(1807, '242', NULL),
	(1811, '243', NULL),
	(1816, '244', NULL),
	(1817, '244', NULL),
	(1833, '245', NULL),
	(1834, '243', NULL),
	(1834, '297', NULL),
	(1835, '243', NULL),
	(1835, '282', NULL),
	(1835, '297', NULL),
	(1836, '282', NULL),
	(1837, '282', NULL),
	(1838, '219', NULL),
	(1838, '243', NULL),
	(1838, '282', NULL),
	(1838, '297', NULL),
	(1838, '299', NULL),
	(1838, '304', NULL),
	(1839, '219', NULL),
	(1840, '219', NULL),
	(1840, '299', NULL),
	(1840, '304', NULL),
	(1842, '257', NULL),
	(1842, '258', NULL),
	(1842, '259', NULL),
	(1843, '246', NULL),
	(1844, '246', NULL),
	(1857, '243', NULL),
	(1857, '295', NULL),
	(1858, '295', NULL),
	(1860, '287', NULL),
	(1862, '287', NULL),
	(1863, '287', NULL),
	(1864, '247', NULL),
	(1864, '287', NULL),
	(1865, '287', NULL),
	(1868, '243', NULL),
	(1868, '295', NULL),
	(1869, '283', NULL),
	(1872, '287', NULL),
	(1873, '243', NULL),
	(1873, '296', NULL),
	(1941, '260', NULL),
	(1942, '260', NULL),
	(1945, '258', NULL),
	(1946, '258', NULL),
	(2001, '402', NULL),
	(2002, '401', NULL),
	(2003, '405', NULL),
	(2004, '402', NULL),
	(2005, '402', NULL),
	(2006, '403', NULL),
	(2007, '402', NULL),
	(2008, '402', NULL),
	(2008, '403', NULL),
	(2009, '402', NULL),
	(2010, '403', NULL),
	(2018, '405', NULL),
	(2018, '406', NULL),
	(2020, '405', NULL),
	(2020, '406', NULL),
	(2021, '405', NULL),
	(2021, '406', NULL),
	(2022, '406', NULL),
	(2023, '405', NULL),
	(2023, '406', NULL),
	(2025, '407', NULL),
	(2027, '409', NULL),
	(2028, '408', NULL),
	(2029, '407', NULL),
	(2029, '408', NULL),
	(2030, '409', NULL),
	(2031, '408', NULL),
	(2033, '412', NULL),
	(2033, '413', NULL),
	(2034, '412', NULL),
	(2034, '413', NULL),
	(2035, '411', NULL),
	(2036, '410', NULL),
	(2036, '412', NULL),
	(2037, '412', NULL),
	(2038, '412', NULL),
	(2039, '412', NULL),
	(2040, '411', NULL),
	(2041, '410', NULL),
	(2041, '412', NULL),
	(2042, '411', NULL),
	(2042, '413', NULL),
	(2043, '412', NULL),
	(2044, '412', NULL),
	(2049, '411', NULL),
	(2050, '411', NULL),
	(2051, '415', NULL),
	(2052, '411', NULL),
	(2052, '413', NULL),
	(2053, '411', NULL),
	(2055, '410', NULL),
	(2057, '410', NULL),
	(2059, '415', NULL),
	(2065, '415', NULL),
	(2066, '415', NULL),
	(2067, '410', NULL),
	(2067, '415', NULL),
	(2068, '415', NULL),
	(2068, '416', NULL),
	(2069, '411', NULL),
	(2070, '418', NULL),
	(2071, '415', NULL),
	(2071, '416', NULL),
	(2072, '414', NULL),
	(2072, '415', NULL),
	(2074, '414', NULL),
	(2075, '418', NULL),
	(2076, '418', NULL),
	(2081, '417', NULL),
	(2081, '419', NULL),
	(2082, '418', NULL),
	(2083, '418', NULL),
	(2084, '414', NULL),
	(2084, '418', NULL),
	(2085, '417', NULL),
	(2085, '419', NULL),
	(2086, '418', NULL),
	(2086, '419', NULL),
	(2087, '415', NULL),
	(2088, '421', NULL),
	(2089, '418', NULL),
	(2089, '419', NULL),
	(2090, '418', NULL),
	(2090, '419', NULL),
	(2092, '419', NULL),
	(2093, '421', NULL),
	(2094, '421', NULL),
	(2097, '420', NULL),
	(2098, '421', NULL),
	(2099, '421', NULL),
	(2100, '420', NULL),
	(2100, '421', NULL),
	(2101, '420', NULL),
	(2102, '421', NULL),
	(2102, '422', NULL),
	(2103, '418', NULL),
	(2104, '424', NULL),
	(2105, '421', NULL),
	(2105, '422', NULL),
	(2106, '421', NULL),
	(2107, '420', NULL),
	(2108, '420', NULL),
	(2110, '424', NULL),
	(2114, '424', NULL),
	(2115, '424', NULL),
	(2116, '420', NULL),
	(2116, '424', NULL),
	(2118, '423', NULL),
	(2118, '424', NULL),
	(2119, '421', NULL),
	(2120, '424', NULL),
	(2122, '430', NULL),
	(2123, '423', NULL),
	(2123, '424', NULL),
	(2129, '426', NULL),
	(2129, '430', NULL),
	(2131, '425', NULL),
	(2131, '426', NULL),
	(2133, '425', NULL),
	(2134, '425', NULL),
	(2135, '409', NULL),
	(2136, '425', NULL),
	(2136, '426', NULL),
	(2136, '432', NULL),
	(2137, '426', NULL),
	(2137, '431', NULL),
	(2138, '430', NULL),
	(2138, '431', NULL),
	(2139, '435', NULL),
	(2141, '428', NULL),
	(2142, '402', NULL),
	(2142, '427', NULL),
	(2143, '427', NULL),
	(2143, '428', NULL),
	(2144, '427', NULL),
	(2144, '428', NULL),
	(2145, '428', NULL),
	(2145, '452', NULL),
	(2146, '428', NULL),
	(2146, '429', NULL),
	(2147, '429', NULL),
	(2148, '428', NULL),
	(2148, '429', NULL),
	(2149, '429', NULL),
	(2149, '430', NULL),
	(2149, '431', NULL),
	(2150, '429', NULL),
	(2150, '430', NULL),
	(2151, '430', NULL),
	(2152, '430', NULL),
	(2152, '431', NULL),
	(2153, '430', NULL),
	(2153, '431', NULL),
	(2154, '430', NULL),
	(2155, '430', NULL),
	(2157, '430', NULL),
	(2157, '431', NULL),
	(2158, '409', NULL),
	(2159, '424', NULL),
	(2161, '438', NULL),
	(2162, '438', NULL),
	(2164, '405', NULL),
	(2164, '433', NULL),
	(2165, '433', NULL),
	(2165, '438', NULL),
	(2166, '433', NULL),
	(2166, '438', NULL),
	(2168, '434', NULL),
	(2168, '453', NULL),
	(2169, '434', NULL),
	(2169, '438', NULL),
	(2170, '434', NULL),
	(2171, '435', NULL),
	(2172, '435', NULL),
	(2173, '435', NULL),
	(2173, '437', NULL),
	(2174, '435', NULL),
	(2174, '436', NULL),
	(2174, '438', NULL),
	(2175, '433', NULL),
	(2177, '436', NULL),
	(2177, '438', NULL),
	(2178, '438', NULL),
	(2179, '436', NULL),
	(2180, '437', NULL),
	(2180, '438', NULL),
	(2180, '439', NULL),
	(2181, '437', NULL),
	(2182, '426', NULL),
	(2182, '438', NULL),
	(2183, '437', NULL),
	(2184, '438', NULL),
	(2186, '430', NULL),
	(2186, '436', NULL),
	(2186, '437', NULL),
	(2187, '802', NULL),
	(2188, '440', NULL),
	(2189, '437', NULL),
	(2194, '439', NULL),
	(2195, '440', NULL),
	(2196, '439', NULL),
	(2196, '440', NULL),
	(2197, '440', NULL),
	(2198, '436', NULL),
	(2199, '437', NULL),
	(2200, '441', NULL),
	(2201, '441', NULL),
	(2202, '440', NULL),
	(2203, '440', NULL),
	(2203, '441', NULL),
	(2204, '436', NULL),
	(2205, '443', NULL),
	(2206, '440', NULL),
	(2206, '441', NULL),
	(2207, '441', NULL),
	(2209, '442', NULL),
	(2209, '443', NULL),
	(2210, '442', NULL),
	(2210, '443', NULL),
	(2211, '444', NULL),
	(2212, '442', NULL),
	(2212, '443', NULL),
	(2213, '443', NULL),
	(2214, '440', NULL),
	(2217, '443', NULL),
	(2218, '443', NULL),
	(2219, '444', NULL),
	(2220, '440', NULL),
	(2221, '445', NULL),
	(2222, '443', NULL),
	(2222, '444', NULL),
	(2225, '446', NULL),
	(2226, '445', NULL),
	(2227, '445', NULL),
	(2228, '444', NULL),
	(2231, '447', NULL),
	(2232, '445', NULL),
	(2232, '446', NULL),
	(2233, '446', NULL),
	(2234, '444', NULL),
	(2235, '451', NULL),
	(2236, '445', NULL),
	(2236, '446', NULL),
	(2242, '451', NULL),
	(2243, '447', NULL),
	(2243, '448', NULL),
	(2244, '451', NULL),
	(2245, '450', NULL),
	(2246, '447', NULL),
	(2246, '448', NULL),
	(2246, '450', NULL),
	(2247, '448', NULL),
	(2249, '448', NULL),
	(2249, '451', NULL),
	(2250, '449', NULL),
	(2251, '448', NULL),
	(2252, '448', NULL),
	(2253, '446', NULL),
	(2255, '447', NULL),
	(2258, '430', NULL),
	(2258, '447', NULL),
	(2260, '449', NULL),
	(2260, '451', NULL),
	(2261, '446', NULL),
	(2262, '450', NULL),
	(2262, '451', NULL),
	(2263, '451', NULL),
	(2264, '450', NULL),
	(2265, '450', NULL),
	(2266, '450', NULL),
	(2266, '451', NULL),
	(2267, '448', NULL),
	(2268, '448', NULL),
	(2269, '449', NULL),
	(2270, '449', NULL),
	(2271, '450', NULL),
	(2271, '451', NULL),
	(2273, '452', NULL),
	(2278, '453', NULL),
	(2305, '015', NULL),
	(2306, '015', NULL),
	(2306, '016', NULL),
	(2309, '016', NULL),
	(2310, '015', NULL),
	(2310, '017', NULL),
	(2311, '016', NULL),
	(2311, '017', NULL),
	(2312, '015', NULL),
	(2312, '016', NULL),
	(2313, '015', NULL),
	(2313, '016', NULL),
	(2314, '015', NULL),
	(2315, '015', NULL),
	(2315, '016', NULL),
	(2316, '015', NULL),
	(2316, '016', NULL),
	(2317, '015', NULL),
	(2317, '016', NULL),
	(2319, '016', NULL),
	(2401, '233', NULL),
	(2402, '233', NULL),
	(2404, '234', NULL),
	(5109, '501', NULL),
	(5112, '501', NULL),
	(5115, '501', NULL),
	(5116, '501', NULL),
	(5320, '503', NULL),
	(5327, '505', NULL),
	(5328, '512', NULL),
	(5329, '515', NULL),
	(5330, '512', NULL),
	(5330, '515', NULL),
	(5401, '506', NULL),
	(5402, '506', NULL),
	(5413, '504', NULL),
	(5424, '505', NULL),
	(5520, '517', NULL),
	(5528, '518', NULL),
	(5541, '511', NULL),
	(5548, '515', NULL),
	(5551, '516', NULL),
	(5552, '516', NULL),
	(5557, '221', NULL),
	(5612, '517', NULL),
	(5618, '518', NULL),
	(5636, '512', NULL),
	(5704, '519', NULL),
	(5709, '520', NULL),
	(5901, '521', NULL),
	(5910, '511', NULL),
	(5912, '516', NULL),
	(6082, '802', NULL);
/*!40000 ALTER TABLE `AAA_TEST` ENABLE KEYS */;


-- Dumping structure for function free.fn_getUserResult
DELIMITER //
CREATE DEFINER=`paksamysql`@`%` FUNCTION `fn_getUserResult`(in_user_id INT, in_user_role VARCHAR(8)) RETURNS decimal(15,1)
BEGIN

	DECLARE v_em_specification DECIMAL(15,1);
    DECLARE v_em_communcation DECIMAL(15,1);
    DECLARE v_em_promptness DECIMAL(15,1);
    DECLARE v_em_professionalism DECIMAL(15,1);
    DECLARE v_em_rework DECIMAL(15,1);
    
    DECLARE v_hire_quality DECIMAL(15,1);
    DECLARE v_hire_communcation DECIMAL(15,1);
    DECLARE v_hire_expertise DECIMAL(15,1);
    DECLARE v_hire_professionalism DECIMAL(15,1);
    DECLARE v_hire_rework DECIMAL(15,1);
    
    DECLARE v_result DECIMAL(15,1) DEFAULT 0.0;

	IF in_user_role = '1' THEN
		
		/* 고용주 평점 구하기 */
		SELECT IFNULL(ROUND(em_specification/result_cnt, 1), 0) AS em_specification,
			   IFNULL(ROUND(em_communcation/result_cnt, 1), 0) AS em_communcation,
			   IFNULL(ROUND(em_promptness/result_cnt, 1), 0) AS em_promptness,
			   IFNULL(ROUND(em_professionalism/result_cnt, 1), 0) AS em_professionalism,
			   IFNULL(ROUND(em_rework/result_cnt, 1), 0) AS em_rework
		  INTO v_em_specification, 
			   v_em_communcation, 
			   v_em_promptness, 
			   v_em_professionalism, 
			   v_em_rework
		  FROM (SELECT in_user_id AS user_id) t1
			   LEFT OUTER JOIN 
			   (
				SELECT user_id, 
					   (SELECT COUNT(project_id) FROM free.tbl_user_result WHERE user_id = a.user_id AND user_role = a.user_role) AS result_cnt,
					   SUM(em_specification) AS em_specification,
					   SUM(em_communcation) AS em_communcation,
					   SUM(em_promptness) AS em_promptness,
					   SUM(em_professionalism) AS em_professionalism,
					   SUM(em_rework) AS em_rework
				  FROM free.tbl_user_result a
				 WHERE user_id = in_user_id
				   AND user_role = in_user_role
				 GROUP BY user_id, user_role
			   ) t2 
			   ON t1.user_id = t2.user_id
		;
		
		SELECT ROUND((v_em_specification + v_em_communcation + v_em_promptness + v_em_professionalism + v_em_rework) / 5, 1) INTO v_result;
        
    ELSEIF in_user_role = '2' THEN
		
		/* 프리랜서 평점 구하기 */
		SELECT IFNULL(ROUND(hire_quality/result_cnt, 1), 0) AS hire_quality,
			   IFNULL(ROUND(hire_communcation/result_cnt, 1), 0) AS hire_communcation,
			   IFNULL(ROUND(hire_expertise/result_cnt, 1), 0) AS hire_expertise,
			   IFNULL(ROUND(hire_professionalism/result_cnt, 1), 0) AS hire_professionalism,
			   IFNULL(ROUND(hire_rework/result_cnt, 1), 0) AS hire_rework
		  INTO v_hire_quality, 
			   v_hire_communcation, 
			   v_hire_expertise, 
			   v_hire_professionalism, 
			   v_hire_rework
		  FROM (SELECT in_user_id AS user_id) t1
			   LEFT OUTER JOIN 
			   (
				SELECT user_id, 
					   (SELECT COUNT(project_id) FROM free.tbl_user_result WHERE user_id = a.user_id AND user_role = a.user_role) AS result_cnt,
					   SUM(hire_quality) AS hire_quality,
					   SUM(hire_communcation) AS hire_communcation,
					   SUM(hire_expertise) AS hire_expertise,
					   SUM(hire_professionalism) AS hire_professionalism,
					   SUM(hire_rework) AS hire_rework
				  FROM free.tbl_user_result a
				 WHERE user_id = in_user_id
				   AND user_role = in_user_role
				 GROUP BY user_id, user_role
			   ) t2 
			   ON t1.user_id = t2.user_id
		;
		
		SELECT ROUND((v_hire_quality + v_hire_communcation + v_hire_expertise + v_hire_professionalism + v_hire_rework) / 5, 1) INTO v_result;
    
    END IF;

	RETURN v_result;

END//
DELIMITER ;


-- Dumping structure for table free.tbl_area_code
CREATE TABLE IF NOT EXISTS `tbl_area_code` (
  `area_code` int(11) NOT NULL,
  `sido` varchar(2) DEFAULT NULL,
  `sigungu` varchar(5) DEFAULT NULL,
  `sido_name` varchar(45) DEFAULT NULL,
  `sigungu_name` varchar(45) DEFAULT NULL,
  PRIMARY KEY (`area_code`)
) ENGINE=InnoDB DEFAULT CHARSET=utf8;

-- Dumping data for table free.tbl_area_code: ~263 rows (approximately)
DELETE FROM `tbl_area_code`;
/*!40000 ALTER TABLE `tbl_area_code` DISABLE KEYS */;
INSERT INTO `tbl_area_code` (`area_code`, `sido`, `sigungu`, `sido_name`, `sigungu_name`) VALUES
	(1, '11', '11110', '서울시', '종로구'),
	(2, '11', '11140', '서울시', '중구'),
	(3, '11', '11170', '서울시', '용산구'),
	(4, '11', '11200', '서울시', '성동구'),
	(5, '11', '11215', '서울시', '광진구'),
	(6, '11', '11230', '서울시', '동대문구'),
	(7, '11', '11260', '서울시', '중랑구'),
	(8, '11', '11290', '서울시', '성북구'),
	(9, '11', '11305', '서울시', '강북구'),
	(10, '11', '11320', '서울시', '도봉구'),
	(11, '11', '11350', '서울시', '노원구'),
	(12, '11', '11380', '서울시', '은평구'),
	(13, '11', '11410', '서울시', '서대문구'),
	(14, '11', '11440', '서울시', '마포구'),
	(15, '11', '11470', '서울시', '양천구'),
	(16, '11', '11500', '서울시', '강서구'),
	(17, '11', '11530', '서울시', '구로구'),
	(18, '11', '11545', '서울시', '금천구'),
	(19, '11', '11560', '서울시', '영등포구'),
	(20, '11', '11590', '서울시', '동작구'),
	(21, '11', '11620', '서울시', '관악구'),
	(22, '11', '11650', '서울시', '서초구'),
	(23, '11', '11680', '서울시', '강남구'),
	(24, '11', '11710', '서울시', '송파구'),
	(25, '11', '11740', '서울시', '강동구'),
	(26, '26', '26110', '부산시', '중구'),
	(27, '26', '26140', '부산시', '서구'),
	(28, '26', '26170', '부산시', '동구'),
	(29, '26', '26200', '부산시', '영도구'),
	(30, '26', '26230', '부산시', '부산진구'),
	(31, '26', '26260', '부산시', '동래구'),
	(32, '26', '26290', '부산시', '남구'),
	(33, '26', '26320', '부산시', '북구'),
	(34, '26', '26350', '부산시', '해운대구'),
	(35, '26', '26380', '부산시', '사하구'),
	(36, '26', '26410', '부산시', '금정구'),
	(37, '26', '26440', '부산시', '강서구'),
	(38, '26', '26470', '부산시', '연제구'),
	(39, '26', '26500', '부산시', '수영구'),
	(40, '26', '26530', '부산시', '사상구'),
	(41, '26', '26710', '부산시', '기장군'),
	(42, '27', '27110', '대구시', '중구'),
	(43, '27', '27140', '대구시', '동구'),
	(44, '27', '27170', '대구시', '서구'),
	(45, '27', '27200', '대구시', '남구'),
	(46, '27', '27230', '대구시', '북구'),
	(47, '27', '27290', '대구시', '수성구'),
	(48, '27', '27290', '대구시', '달서구'),
	(49, '27', '27710', '대구시', '달성군'),
	(50, '28', '28110', '인천시', '중구'),
	(51, '28', '28140', '인천시', '동구'),
	(52, '28', '28170', '인천시', '남구'),
	(53, '28', '28185', '인천시', '연수구'),
	(54, '28', '28200', '인천시', '남동구'),
	(55, '28', '28237', '인천시', '부평구'),
	(56, '28', '28245', '인천시', '계양구'),
	(57, '28', '28260', '인천시', '서구'),
	(58, '28', '28710', '인천시', '강화군'),
	(59, '28', '28720', '인천시', '옹진군'),
	(60, '29', '29110', '광주시', '동구'),
	(61, '29', '29140', '광주시', '서구'),
	(62, '29', '29155', '광주시', '남구'),
	(63, '29', '29170', '광주시', '북구'),
	(64, '29', '29200', '광주시', '광산구'),
	(65, '30', '30110', '대전시', '동구'),
	(66, '30', '30140', '대전시', '중구'),
	(67, '30', '30170', '대전시', '서구'),
	(68, '30', '30200', '대전시', '유성구'),
	(69, '30', '30230', '대전시', '대덕구'),
	(70, '31', '31110', '울산시', '중구'),
	(71, '31', '31140', '울산시', '남구'),
	(72, '31', '31170', '울산시', '동구'),
	(73, '31', '31200', '울산시', '북구'),
	(74, '31', '31710', '울산시', '울주군'),
	(75, '41', '41110', '경기도', '수원시'),
	(76, '41', '41111', '경기도', '수원시 장안구'),
	(77, '41', '41113', '경기도', '수원시 권선구'),
	(78, '41', '41115', '경기도', '수원시 팔달구'),
	(79, '41', '41117', '경기도', '수원시 영통구'),
	(80, '41', '41130', '경기도', '성남시'),
	(81, '41', '41131', '경기도', '성남시 수정구'),
	(82, '41', '41133', '경기도', '성남시 중원구'),
	(83, '41', '41135', '경기도', '성남시 분당구'),
	(84, '41', '41150', '경기도', '의정부시'),
	(85, '41', '41170', '경기도', '안양시'),
	(86, '41', '41171', '경기도', '안양시 만안구'),
	(87, '41', '41173', '경기도', '안양시 동안구'),
	(88, '41', '41190', '경기도', '부천시'),
	(89, '41', '41195', '경기도', '부천시 원미구'),
	(90, '41', '41197', '경기도', '부천시 소사구'),
	(91, '41', '41199', '경기도', '부천시 오정구'),
	(92, '41', '41210', '경기도', '광명시'),
	(93, '41', '41220', '경기도', '평택시'),
	(94, '41', '41250', '경기도', '동두천시'),
	(95, '41', '41270', '경기도', '안산시'),
	(96, '41', '41271', '경기도', '안산시 상록구'),
	(97, '41', '41273', '경기도', '안산시 단원구'),
	(98, '41', '41280', '경기도', '고양시'),
	(99, '41', '41281', '경기도', '고양시 덕양구'),
	(100, '41', '41285', '경기도', '고양시 일산동구'),
	(101, '41', '41287', '경기도', '고양시 일산서구'),
	(102, '41', '41290', '경기도', '과천시'),
	(103, '41', '41310', '경기도', '구리시'),
	(104, '41', '41360', '경기도', '남양주시'),
	(105, '41', '41370', '경기도', '오산시'),
	(106, '41', '41390', '경기도', '시흥시'),
	(107, '41', '41410', '경기도', '군포시'),
	(108, '41', '41430', '경기도', '의왕시'),
	(109, '41', '41450', '경기도', '하남시'),
	(110, '41', '41460', '경기도', '용인시'),
	(111, '41', '41461', '경기도', '용인시 처인구'),
	(112, '41', '41463', '경기도', '용인시 기흥구'),
	(113, '41', '41465', '경기도', '용인시 수지구'),
	(114, '41', '41480', '경기도', '파주시'),
	(115, '41', '41500', '경기도', '이천시'),
	(116, '41', '41550', '경기도', '안성시'),
	(117, '41', '41570', '경기도', '김포시'),
	(118, '41', '41590', '경기도', '화성시'),
	(119, '41', '41610', '경기도', '광주시'),
	(120, '41', '41630', '경기도', '양주시'),
	(121, '41', '41650', '경기도', '포천시'),
	(122, '41', '41730', '경기도', '여주군'),
	(123, '41', '41800', '경기도', '연천군'),
	(124, '41', '41820', '경기도', '가평군'),
	(125, '41', '41830', '경기도', '양평군'),
	(126, '42', '42110', '강원도', '춘천시'),
	(127, '42', '42130', '강원도', '원주시'),
	(128, '42', '42150', '강원도', '강릉시'),
	(129, '42', '42170', '강원도', '동해시'),
	(130, '42', '42190', '강원도', '태백시'),
	(131, '42', '42210', '강원도', '속초시'),
	(132, '42', '42230', '강원도', '삼척시'),
	(133, '42', '42720', '강원도', '홍천군'),
	(134, '42', '42730', '강원도', '횡성군'),
	(135, '42', '42750', '강원도', '영월군'),
	(136, '42', '42760', '강원도', '평창군'),
	(137, '42', '42770', '강원도', '정선군'),
	(138, '42', '42780', '강원도', '철원군'),
	(139, '42', '42790', '강원도', '화천군'),
	(140, '42', '42800', '강원도', '양구군'),
	(141, '42', '42810', '강원도', '인제군'),
	(142, '42', '42820', '강원도', '고성군'),
	(143, '42', '42830', '강원도', '양양군'),
	(144, '43', '43110', '충청북도', '청주시'),
	(145, '43', '43111', '충청북도', '청주시 상당구'),
	(146, '43', '43113', '충청북도', '청주시 흥덕구'),
	(147, '43', '43130', '충청북도', '충주시'),
	(148, '43', '43150', '충청북도', '제천시'),
	(149, '43', '43710', '충청북도', '청원군'),
	(150, '43', '43720', '충청북도', '보은군'),
	(151, '43', '43730', '충청북도', '옥천군'),
	(152, '43', '43740', '충청북도', '영동군'),
	(153, '43', '43745', '충청북도', '증평군'),
	(154, '43', '43750', '충청북도', '진천군'),
	(155, '43', '43760', '충청북도', '괴산군'),
	(156, '43', '43770', '충청북도', '음성군'),
	(157, '43', '43800', '충청북도', '단양군'),
	(158, '44', '44130', '충청남도', '천안시'),
	(159, '44', '44131', '충청남도', '천안시 동남구'),
	(160, '44', '44133', '충청남도', '천안시 서북구'),
	(161, '44', '44150', '충청남도', '공주시'),
	(162, '44', '44180', '충청남도', '보령시'),
	(163, '44', '44200', '충청남도', '아산시'),
	(164, '44', '44210', '충청남도', '서산시'),
	(165, '44', '44230', '충청남도', '논산시'),
	(166, '44', '44250', '충청남도', '계룡시'),
	(167, '44', '44710', '충청남도', '금산군'),
	(168, '44', '44730', '충청남도', '연기군'),
	(169, '44', '44760', '충청남도', '부여군'),
	(170, '44', '44770', '충청남도', '서천군'),
	(171, '44', '44790', '충청남도', '청양군'),
	(172, '44', '44800', '충청남도', '홍성군'),
	(173, '44', '44810', '충청남도', '예산군'),
	(174, '44', '44825', '충청남도', '태안군'),
	(175, '44', '44830', '충청남도', '당진군'),
	(176, '45', '45110', '전라북도', '전주시'),
	(177, '45', '45111', '전라북도', '전주시 완산구'),
	(178, '45', '45113', '전라북도', '전주시 덕진구'),
	(179, '45', '45130', '전라북도', '군산시'),
	(180, '45', '45140', '전라북도', '익산시'),
	(181, '45', '45180', '전라북도', '정읍시'),
	(182, '45', '45190', '전라북도', '남원시'),
	(183, '45', '45210', '전라북도', '김제시'),
	(184, '45', '45710', '전라북도', '완주군'),
	(185, '45', '45720', '전라북도', '진안군'),
	(186, '45', '45730', '전라북도', '무주군'),
	(187, '45', '45740', '전라북도', '장수군'),
	(188, '45', '45750', '전라북도', '임실군'),
	(189, '45', '45770', '전라북도', '순창군'),
	(190, '45', '45790', '전라북도', '고창군'),
	(191, '45', '45800', '전라북도', '부안군'),
	(192, '46', '46110', '전라남도', '목포시'),
	(193, '46', '46130', '전라남도', '여수시'),
	(194, '46', '46150', '전라남도', '순천시'),
	(195, '46', '46170', '전라남도', '나주시'),
	(196, '46', '46230', '전라남도', '광양시'),
	(197, '46', '46710', '전라남도', '담양군'),
	(198, '46', '46720', '전라남도', '곡성군'),
	(199, '46', '46730', '전라남도', '구례군'),
	(200, '46', '46770', '전라남도', '고흥군'),
	(201, '46', '46780', '전라남도', '보성군'),
	(202, '46', '46790', '전라남도', '화순군'),
	(203, '46', '46800', '전라남도', '장흥군'),
	(204, '46', '46810', '전라남도', '강진군'),
	(205, '46', '46820', '전라남도', '해남군'),
	(206, '46', '46830', '전라남도', '영암군'),
	(207, '46', '46840', '전라남도', '무안군'),
	(208, '46', '46860', '전라남도', '함평군'),
	(209, '46', '46870', '전라남도', '영광군'),
	(210, '46', '46880', '전라남도', '장성군'),
	(211, '46', '46890', '전라남도', '완료도군'),
	(212, '46', '46900', '전라남도', '진도군'),
	(213, '46', '46910', '전라남도', '신안군'),
	(214, '47', '47110', '경상북도', '포항시'),
	(215, '47', '47111', '경상북도', '포항시 남구'),
	(216, '47', '47113', '경상북도', '포항시 북구'),
	(217, '47', '47130', '경상북도', '경주시'),
	(218, '47', '47150', '경상북도', '김천시'),
	(219, '47', '47170', '경상북도', '안동시'),
	(220, '47', '47190', '경상북도', '구미시'),
	(221, '47', '47210', '경상북도', '영주시'),
	(222, '47', '47230', '경상북도', '영천시'),
	(223, '47', '47250', '경상북도', '상주시'),
	(224, '47', '47280', '경상북도', '문경시'),
	(225, '47', '47290', '경상북도', '경산시'),
	(226, '47', '47720', '경상북도', '군위군'),
	(227, '47', '47730', '경상북도', '의성군'),
	(228, '47', '47750', '경상북도', '청송군'),
	(229, '47', '47760', '경상북도', '영양군'),
	(230, '47', '47770', '경상북도', '영덕군'),
	(231, '47', '47820', '경상북도', '청도군'),
	(232, '47', '47830', '경상북도', '고령군'),
	(233, '47', '47840', '경상북도', '성주군'),
	(234, '47', '47850', '경상북도', '칠곡군'),
	(235, '47', '47900', '경상북도', '예천군'),
	(236, '47', '47920', '경상북도', '봉화군'),
	(237, '47', '47930', '경상북도', '울진군'),
	(238, '47', '47940', '경상북도', '울릉군'),
	(239, '48', '48120', '경상남도', '창원시'),
	(240, '48', '48125', '경상남도', '창원시 마산합포구'),
	(241, '48', '48127', '경상남도', '창원시 마산회원구'),
	(242, '48', '48123', '경상남도', '창원시 성산구'),
	(243, '48', '48121', '경상남도', '창원시 의창구'),
	(244, '48', '48129', '경상남도', '창원시 진해구'),
	(245, '48', '48170', '경상남도', '진주시'),
	(246, '48', '48220', '경상남도', '통영시'),
	(247, '48', '48240', '경상남도', '사천시'),
	(248, '48', '48250', '경상남도', '김해시'),
	(249, '48', '48270', '경상남도', '밀양시'),
	(250, '48', '48310', '경상남도', '거제시'),
	(251, '48', '48330', '경상남도', '양산시'),
	(252, '48', '48720', '경상남도', '의령군'),
	(253, '48', '48730', '경상남도', '함안군'),
	(254, '48', '48740', '경상남도', '창녕군'),
	(255, '48', '48820', '경상남도', '고성군'),
	(256, '48', '48840', '경상남도', '남해군'),
	(257, '48', '48850', '경상남도', '하동군'),
	(258, '48', '48860', '경상남도', '산청군'),
	(259, '48', '48870', '경상남도', '함양군'),
	(260, '48', '48880', '경상남도', '거창군'),
	(261, '48', '48890', '경상남도', '합천군'),
	(262, '50', '50110', '제주도', '제주시'),
	(263, '50', '50130', '제주도', '서귀포시');
/*!40000 ALTER TABLE `tbl_area_code` ENABLE KEYS */;


-- Dumping structure for table free.tbl_attach_file
CREATE TABLE IF NOT EXISTS `tbl_attach_file` (
  `attach_file_id` int(11) NOT NULL COMMENT '첨부파일 그룹 ID',
  `file_id` int(11) NOT NULL COMMENT '첨부파일 고유 ID',
  `file_name` varchar(450) DEFAULT NULL COMMENT '첨부파일명(실제 첨부된 파일명)\n- .확장자 포함',
  `sv_file_name` varchar(450) DEFAULT NULL COMMENT '서버파일명(변환된 파일명)\nex) user_id+Ymdhi(12)+업로드순번(default: 01, multi: 01 ~ 99)+.확장자',
  `file_path` varchar(1000) DEFAULT NULL COMMENT '첨부파일 경로(서버 경로)\nex) /upload/attach/',
  `file_ext` varchar(4) DEFAULT NULL COMMENT '파일 확장자',
  `file_size` int(11) DEFAULT NULL COMMENT '파일 사이즈',
  `create_id` int(11) DEFAULT NULL,
  `create_time` datetime DEFAULT NULL,
  PRIMARY KEY (`attach_file_id`,`file_id`)
) ENGINE=InnoDB DEFAULT CHARSET=utf8;

-- Dumping data for table free.tbl_attach_file: ~0 rows (approximately)
DELETE FROM `tbl_attach_file`;
/*!40000 ALTER TABLE `tbl_attach_file` DISABLE KEYS */;
/*!40000 ALTER TABLE `tbl_attach_file` ENABLE KEYS */;


-- Dumping structure for table free.tbl_category
CREATE TABLE IF NOT EXISTS `tbl_category` (
  `cate_id` int(11) NOT NULL COMMENT '카테고리 고유 ID',
  `cate_pid` int(11) DEFAULT NULL COMMENT '카테고리 부모(상위) ID',
  `cate_mid` int(11) DEFAULT NULL COMMENT '카테고리 마스터(최상위) ID',
  `cate_name` varchar(450) DEFAULT NULL COMMENT '카테고리명',
  `depth` int(1) DEFAULT NULL,
  `sort_order` int(11) DEFAULT NULL,
  `use_yn` char(1) NOT NULL DEFAULT '1' COMMENT '사용여부\n- 0 : 미사용\n- 1 : 사용',
  `create_id` int(11) DEFAULT NULL,
  `create_time` datetime DEFAULT NULL,
  `update_id` int(11) DEFAULT NULL,
  `update_time` datetime DEFAULT NULL,
  PRIMARY KEY (`cate_id`)
) ENGINE=InnoDB DEFAULT CHARSET=utf8;

-- Dumping data for table free.tbl_category: ~4 rows (approximately)
DELETE FROM `tbl_category`;
/*!40000 ALTER TABLE `tbl_category` DISABLE KEYS */;
INSERT INTO `tbl_category` (`cate_id`, `cate_pid`, `cate_mid`, `cate_name`, `depth`, `sort_order`, `use_yn`, `create_id`, `create_time`, `update_id`, `update_time`) VALUES
	(1, 1, 1, '웹 사이트', 1, 1, '1', 1, '2016-07-01 15:11:00', NULL, NULL),
	(2, 2, 2, '모바일', 1, 2, '1', 1, '2016-07-01 15:11:00', NULL, NULL),
	(3, 3, 3, '응용 프로그램', 1, 3, '1', 1, '2016-07-01 15:11:00', NULL, NULL),
	(4, 4, 4, '소프트웨어', 1, 4, '1', 1, '2016-07-01 15:11:00', NULL, NULL);
/*!40000 ALTER TABLE `tbl_category` ENABLE KEYS */;


-- Dumping structure for table free.tbl_category_skill
CREATE TABLE IF NOT EXISTS `tbl_category_skill` (
  `cate_id` int(11) NOT NULL,
  `project_role` varchar(3) NOT NULL,
  `skill_id` int(11) NOT NULL,
  `is_required` char(1) DEFAULT NULL,
  `use_yn` char(1) NOT NULL DEFAULT '1',
  `create_id` int(11) DEFAULT NULL,
  `create_time` datetime DEFAULT NULL,
  PRIMARY KEY (`cate_id`,`skill_id`,`project_role`)
) ENGINE=InnoDB DEFAULT CHARSET=utf8;

-- Dumping data for table free.tbl_category_skill: ~81 rows (approximately)
DELETE FROM `tbl_category_skill`;
/*!40000 ALTER TABLE `tbl_category_skill` DISABLE KEYS */;
INSERT INTO `tbl_category_skill` (`cate_id`, `project_role`, `skill_id`, `is_required`, `use_yn`, `create_id`, `create_time`) VALUES
	(1, '2', 1, '0', '1', NULL, NULL),
	(1, '2', 2, '0', '1', NULL, NULL),
	(1, '2', 3, '0', '1', NULL, NULL),
	(1, '2', 4, '0', '1', NULL, NULL),
	(1, '2', 5, '1', '1', NULL, NULL),
	(1, '2', 6, '0', '1', NULL, NULL),
	(1, '2', 7, '0', '1', NULL, NULL),
	(1, '2', 8, '0', '1', NULL, NULL),
	(1, '2', 9, '0', '1', NULL, NULL),
	(1, '2', 10, '1', '1', NULL, NULL),
	(1, '3', 11, '0', '1', NULL, NULL),
	(1, '2', 15, '0', '1', NULL, NULL),
	(1, '2', 17, '0', '1', NULL, NULL),
	(1, '2', 18, '0', '1', NULL, NULL),
	(1, '2', 19, '0', '1', NULL, NULL),
	(1, '2', 20, '0', '1', NULL, NULL),
	(1, '2', 21, '0', '1', NULL, NULL),
	(1, '2', 22, '0', '1', NULL, NULL),
	(1, '2', 27, '0', '1', NULL, NULL),
	(1, '3', 27, '0', '1', NULL, NULL),
	(1, '3', 28, '1', '1', NULL, NULL),
	(1, '3', 29, '0', '1', NULL, NULL),
	(1, '3', 30, '0', '1', NULL, NULL),
	(1, '2', 31, '0', '1', NULL, NULL),
	(1, '2', 32, '0', '1', NULL, NULL),
	(1, '2', 33, '0', '1', NULL, NULL),
	(1, '3', 33, '0', '1', NULL, NULL),
	(1, '2', 34, '0', '1', NULL, NULL),
	(1, '2', 36, '0', '1', NULL, NULL),
	(1, '1', 37, '0', '1', NULL, NULL),
	(1, '2', 37, '0', '1', NULL, NULL),
	(1, '1', 38, '0', '1', NULL, NULL),
	(1, '2', 38, '0', '1', NULL, NULL),
	(1, '3', 39, '1', '1', NULL, NULL),
	(1, '3', 43, '0', '1', NULL, NULL),
	(1, '1', 47, '1', '1', NULL, NULL),
	(1, '1', 51, '0', '1', NULL, NULL),
	(1, '2', 52, '0', '1', NULL, NULL),
	(2, '2', 22, '0', '1', NULL, NULL),
	(2, '1', 23, '0', '1', NULL, NULL),
	(2, '2', 23, '0', '1', NULL, NULL),
	(2, '1', 24, '0', '1', NULL, NULL),
	(2, '2', 24, '0', '1', NULL, NULL),
	(2, '1', 26, '1', '1', NULL, NULL),
	(2, '3', 28, '1', '1', NULL, NULL),
	(2, '3', 29, '0', '1', NULL, NULL),
	(2, '1', 40, '0', '1', NULL, NULL),
	(2, '2', 40, '0', '1', NULL, NULL),
	(2, '3', 43, '0', '1', NULL, NULL),
	(2, '1', 48, '1', '1', NULL, NULL),
	(2, '1', 51, '0', '1', NULL, NULL),
	(3, '2', 1, '0', '1', NULL, NULL),
	(3, '2', 12, '0', '1', NULL, NULL),
	(3, '2', 13, '0', '1', NULL, NULL),
	(3, '2', 14, '0', '1', NULL, NULL),
	(3, '3', 28, '1', '1', NULL, NULL),
	(3, '3', 29, '0', '1', NULL, NULL),
	(3, '2', 35, '0', '1', NULL, NULL),
	(3, '2', 40, '0', '1', NULL, NULL),
	(3, '1', 41, '0', '1', NULL, NULL),
	(3, '2', 41, '0', '1', NULL, NULL),
	(3, '3', 41, '0', '1', NULL, NULL),
	(3, '1', 42, '0', '1', NULL, NULL),
	(3, '2', 42, '0', '1', NULL, NULL),
	(3, '3', 43, '0', '1', NULL, NULL),
	(3, '2', 44, '0', '1', NULL, NULL),
	(3, '2', 45, '0', '1', NULL, NULL),
	(3, '2', 46, '0', '1', NULL, NULL),
	(3, '2', 49, '0', '1', NULL, NULL),
	(3, '2', 52, '0', '1', NULL, NULL),
	(4, '2', 1, '0', '1', NULL, NULL),
	(4, '2', 12, '0', '1', NULL, NULL),
	(4, '2', 13, '0', '1', NULL, NULL),
	(4, '2', 14, '0', '1', NULL, NULL),
	(4, '3', 15, '0', '1', NULL, NULL),
	(4, '3', 17, '0', '1', NULL, NULL),
	(4, '3', 22, '0', '1', NULL, NULL),
	(4, '3', 26, '0', '1', NULL, NULL),
	(4, '3', 40, '0', '1', NULL, NULL),
	(4, '3', 41, '0', '1', NULL, NULL),
	(4, '1', 51, '0', '1', NULL, NULL);
/*!40000 ALTER TABLE `tbl_category_skill` ENABLE KEYS */;


-- Dumping structure for table free.tbl_certification
CREATE TABLE IF NOT EXISTS `tbl_certification` (
  `user_id` int(11) NOT NULL,
  `seq` int(11) NOT NULL,
  `title` varchar(100) DEFAULT NULL,
  `organization` varchar(100) DEFAULT NULL,
  `desc` varchar(500) DEFAULT NULL,
  `cert_year` varchar(4) DEFAULT NULL,
  `create_time` datetime DEFAULT NULL,
  `update_time` datetime DEFAULT NULL,
  PRIMARY KEY (`user_id`,`seq`)
) ENGINE=InnoDB DEFAULT CHARSET=utf8;

-- Dumping data for table free.tbl_certification: ~1 rows (approximately)
DELETE FROM `tbl_certification`;
/*!40000 ALTER TABLE `tbl_certification` DISABLE KEYS */;
INSERT INTO `tbl_certification` (`user_id`, `seq`, `title`, `organization`, `desc`, `cert_year`, `create_time`, `update_time`) VALUES
	(3, 1, '정보처리기사', '국가', '정보처리기사..', '2015', '2016-07-14 19:47:54', NULL);
/*!40000 ALTER TABLE `tbl_certification` ENABLE KEYS */;


-- Dumping structure for table free.tbl_code
CREATE TABLE IF NOT EXISTS `tbl_code` (
  `root_code` varchar(25) NOT NULL,
  `code` varchar(3) NOT NULL,
  `code_name` varchar(450) DEFAULT NULL,
  `code_desc` varchar(1000) DEFAULT NULL,
  `sort_order` int(11) DEFAULT NULL,
  `use_yn` char(1) NOT NULL DEFAULT '1' COMMENT '사용여부\n- 0 : 미사용\n- 1 : 사용',
  `create_id` int(11) DEFAULT NULL,
  `create_time` datetime DEFAULT NULL,
  `update_id` int(11) DEFAULT NULL,
  `update_time` datetime DEFAULT NULL,
  `user_data1` varchar(45) DEFAULT NULL,
  `user_data2` varchar(45) DEFAULT NULL,
  PRIMARY KEY (`root_code`,`code`)
) ENGINE=InnoDB DEFAULT CHARSET=utf8;

-- Dumping data for table free.tbl_code: ~43 rows (approximately)
DELETE FROM `tbl_code`;
/*!40000 ALTER TABLE `tbl_code` DISABLE KEYS */;
INSERT INTO `tbl_code` (`root_code`, `code`, `code_name`, `code_desc`, `sort_order`, `use_yn`, `create_id`, `create_time`, `update_id`, `update_time`, `user_data1`, `user_data2`) VALUES
	('bid_status', '1', '입찰', NULL, 1, '1', 1, '2016-07-01 12:59:00', NULL, NULL, NULL, NULL),
	('bid_status', '2', '진행중', NULL, 2, '1', 1, '2016-07-01 12:59:00', NULL, NULL, NULL, NULL),
	('bid_status', '3', '완료', NULL, 3, '1', 1, '2016-07-01 12:59:00', NULL, NULL, NULL, NULL),
	('bid_status', '4', '입찰 삭제', NULL, 4, '1', 1, '2016-07-01 12:59:00', NULL, NULL, NULL, NULL),
	('confirm_status', '1', '미수여', NULL, 1, '1', 1, '2016-07-01 12:59:00', NULL, NULL, NULL, NULL),
	('confirm_status', '2', '동의 대기', NULL, 2, '1', 1, '2016-07-01 12:59:00', NULL, NULL, NULL, NULL),
	('confirm_status', '3', '동의', NULL, 3, '1', 1, '2016-07-01 12:59:00', NULL, NULL, NULL, NULL),
	('confirm_status', '4', '거부', NULL, 4, '1', 1, '2016-07-01 12:59:00', NULL, NULL, NULL, NULL),
	('project_role', '1', '기획', NULL, 1, '1', 1, '2016-07-09 00:00:00', NULL, NULL, NULL, NULL),
	('project_role', '2', '개발', NULL, 2, '1', 1, '2016-07-09 00:00:00', NULL, NULL, NULL, NULL),
	('project_role', '3', '디자인', NULL, 3, '1', 1, '2016-07-09 00:00:00', NULL, NULL, NULL, NULL),
	('project_status', '1', '승인 대기', NULL, 1, '1', 1, '2016-07-05 12:59:00', NULL, NULL, NULL, NULL),
	('project_status', '2', '입찰', NULL, 2, '1', 1, '2016-07-05 12:59:00', NULL, NULL, NULL, NULL),
	('project_status', '3', '작업 진행', NULL, 3, '1', 1, '2016-07-05 12:59:00', NULL, NULL, NULL, NULL),
	('project_status', '4', '종료', NULL, 4, '1', 1, '2016-07-05 12:59:00', NULL, NULL, NULL, NULL),
	('project_status', '5', '취소', '닫기', 5, '1', 1, '2016-07-05 12:59:00', NULL, NULL, NULL, NULL),
	('project_status', '6', '삭제', NULL, 6, '1', 1, '2016-07-05 12:59:00', NULL, NULL, NULL, NULL),
	('skill_type', '1', '언어', NULL, 1, '1', 1, '2016-07-19 00:00:00', NULL, NULL, NULL, NULL),
	('skill_type', '2', 'dbms', NULL, 2, '1', 1, '2016-07-19 00:00:00', NULL, NULL, NULL, NULL),
	('skill_type', '3', '플랫폼', NULL, 3, '1', 1, '2016-07-19 00:00:00', NULL, NULL, NULL, NULL),
	('skill_type', '4', '프레임워크', NULL, 4, '1', 1, '2016-07-19 00:00:00', NULL, NULL, NULL, NULL),
	('skill_type', '5', '기타', NULL, 5, '1', 1, '2016-07-19 00:00:00', NULL, NULL, NULL, NULL),
	('task_status', '1', '제안', NULL, 1, '1', 1, '2016-07-01 12:59:00', NULL, NULL, NULL, NULL),
	('task_status', '2', '예치', NULL, 2, '1', 1, '2016-07-01 12:59:00', NULL, NULL, NULL, NULL),
	('task_status', '3', '지불', NULL, 3, '1', 1, '2016-07-01 12:59:00', NULL, NULL, NULL, NULL),
	('task_status', '4', '취소', NULL, 4, '1', 1, '2016-07-01 12:59:00', NULL, NULL, NULL, NULL),
	('task_status', '5', '환불', NULL, 5, '1', 1, '2016-07-01 12:59:00', NULL, NULL, NULL, NULL),
	('task_status', '6', '거부', NULL, 6, '1', 1, '2016-07-01 12:59:00', NULL, NULL, NULL, NULL),
	('term_type', '1', '기간', '해당 코드 선택시 term_type1 코드 활성화', 1, '1', 1, '2016-07-01 16:10:00', NULL, NULL, NULL, NULL),
	('term_type', '2', '개월', NULL, 2, '1', 1, '2016-07-01 16:10:00', NULL, NULL, NULL, NULL),
	('term_type', '3', '주', NULL, 3, '1', 1, '2016-07-01 16:10:00', NULL, NULL, NULL, NULL),
	('term_type', '4', '일', NULL, 4, '1', 1, '2016-07-01 16:10:00', NULL, NULL, NULL, NULL),
	('term_type1', '1', '1주일 미만', '프로젝트 기간 옵션(1~7일)', 1, '1', 1, '2016-07-01 16:10:00', NULL, NULL, '1', '7'),
	('term_type1', '2', '1주 - 4주', '프로젝트 기간 옵션(8~28일)', 2, '1', 1, '2016-07-01 16:10:00', NULL, NULL, '8', '28'),
	('term_type1', '3', '1개월 - 3개월', '프로젝트 기간 옵션(30~90일)', 3, '1', 1, '2016-07-01 16:10:00', NULL, NULL, '30', '90'),
	('term_type1', '4', '3개월 - 6개월', '프로젝트 기간 옵션(90~180일)', 4, '1', 1, '2016-07-01 16:10:00', NULL, NULL, '90', '180'),
	('term_type1', '5', '6개월 이상', '프로젝트 기간 옵션(180~9999일)', 5, '1', 1, '2016-07-01 16:10:00', NULL, NULL, '180', '9999'),
	('user_role', '1', '구인', NULL, 1, '1', 1, '2016-07-01 12:59:00', NULL, NULL, NULL, NULL),
	('user_role', '2', '구직', NULL, 2, '1', 1, '2016-07-01 12:59:00', NULL, NULL, NULL, NULL),
	('work_status', '1', '작업대기', NULL, 1, '1', 1, '2016-07-09 00:00:00', NULL, NULL, NULL, NULL),
	('work_status', '2', '작업중', NULL, 2, '1', 1, '2016-07-09 00:00:00', NULL, NULL, NULL, NULL),
	('work_status', '3', '작업종료', NULL, 3, '1', 1, '2016-07-09 00:00:00', NULL, NULL, NULL, NULL),
	('work_status', '4', '미완료', NULL, 4, '1', 1, '2016-07-09 00:00:00', NULL, NULL, NULL, NULL);
/*!40000 ALTER TABLE `tbl_code` ENABLE KEYS */;


-- Dumping structure for table free.tbl_education
CREATE TABLE IF NOT EXISTS `tbl_education` (
  `user_id` int(11) NOT NULL,
  `seq` int(11) NOT NULL,
  `degree` varchar(200) DEFAULT NULL,
  `nation_code` varchar(3) DEFAULT NULL,
  `school` varchar(200) DEFAULT NULL,
  `st_year` varchar(4) DEFAULT NULL,
  `ed_year` varchar(4) DEFAULT NULL,
  `create_time` datetime DEFAULT NULL,
  `update_time` datetime DEFAULT NULL,
  PRIMARY KEY (`user_id`,`seq`)
) ENGINE=InnoDB DEFAULT CHARSET=utf8;

-- Dumping data for table free.tbl_education: ~1 rows (approximately)
DELETE FROM `tbl_education`;
/*!40000 ALTER TABLE `tbl_education` DISABLE KEYS */;
INSERT INTO `tbl_education` (`user_id`, `seq`, `degree`, `nation_code`, `school`, `st_year`, `ed_year`, `create_time`, `update_time`) VALUES
	(3, 1, '전문학사', NULL, '경민대학교', '1999', '2003', '2016-07-14 19:46:47', NULL);
/*!40000 ALTER TABLE `tbl_education` ENABLE KEYS */;


-- Dumping structure for table free.tbl_experience
CREATE TABLE IF NOT EXISTS `tbl_experience` (
  `user_id` int(11) NOT NULL,
  `seq` int(11) NOT NULL,
  `title` varchar(100) NOT NULL,
  `company` varchar(100) NOT NULL,
  `st_month` varchar(2) NOT NULL,
  `st_year` varchar(4) NOT NULL,
  `ed_month` varchar(2) DEFAULT NULL,
  `ed_year` varchar(4) DEFAULT NULL,
  `desc` varchar(500) DEFAULT NULL,
  `create_time` datetime DEFAULT NULL,
  `update_time` datetime DEFAULT NULL,
  PRIMARY KEY (`user_id`,`seq`)
) ENGINE=InnoDB DEFAULT CHARSET=utf8;

-- Dumping data for table free.tbl_experience: ~4 rows (approximately)
DELETE FROM `tbl_experience`;
/*!40000 ALTER TABLE `tbl_experience` DISABLE KEYS */;
INSERT INTO `tbl_experience` (`user_id`, `seq`, `title`, `company`, `st_month`, `st_year`, `ed_month`, `ed_year`, `desc`, `create_time`, `update_time`) VALUES
	(2, 7, '경력', '하이데브', '07', '2014', '', '2016', '재직중', '2016-07-19 13:57:21', NULL),
	(3, 6, '하이데브', '하이데브', '01', '2016', '07', '2016', '하이데브에서 근무 중..', '2016-07-14 19:45:53', NULL),
	(4, 5, '사원', '하이데브', '07', '2016', '', '2016', '개발자', '2016-07-07 20:56:52', NULL),
	(5, 4, '경력 02', '회사 02', '01', '2013', '04', '2016', '요약 블라블라요약 블라블라요약 블라블라요약 블라블라요약 블라블라요약 블라블라요약 블라블라요약 블라블라요약 블라블라요약 블라블라요약 블라블라요약 블라블라\r\n수정 ', '2016-07-06 19:26:57', '2016-07-06 19:27:12');
/*!40000 ALTER TABLE `tbl_experience` ENABLE KEYS */;


-- Dumping structure for table free.tbl_portfolio
CREATE TABLE IF NOT EXISTS `tbl_portfolio` (
  `user_id` int(11) NOT NULL,
  `seq` varchar(11) NOT NULL,
  `type_code` varchar(2) DEFAULT NULL COMMENT '유형',
  `title` varchar(100) DEFAULT NULL COMMENT '제목',
  `desc` varchar(1000) DEFAULT NULL COMMENT '설명',
  `attach_file_id` int(11) DEFAULT NULL COMMENT '파일 ID',
  `skill_id` varchar(100) DEFAULT NULL COMMENT 'skill_id , 를 구분자로 하여 다중 입력',
  `create_time` datetime DEFAULT NULL,
  `update_time` datetime DEFAULT NULL,
  PRIMARY KEY (`user_id`,`seq`)
) ENGINE=InnoDB DEFAULT CHARSET=utf8;

-- Dumping data for table free.tbl_portfolio: ~0 rows (approximately)
DELETE FROM `tbl_portfolio`;
/*!40000 ALTER TABLE `tbl_portfolio` DISABLE KEYS */;
/*!40000 ALTER TABLE `tbl_portfolio` ENABLE KEYS */;


-- Dumping structure for table free.tbl_profile
CREATE TABLE IF NOT EXISTS `tbl_profile` (
  `user_id` int(11) NOT NULL,
  `display_name` varchar(30) DEFAULT NULL,
  `headline` varchar(50) DEFAULT NULL,
  `introduction` varchar(1000) DEFAULT NULL,
  `create_time` datetime DEFAULT NULL,
  `update_time` datetime DEFAULT NULL,
  PRIMARY KEY (`user_id`)
) ENGINE=InnoDB DEFAULT CHARSET=utf8;

-- Dumping data for table free.tbl_profile: ~5 rows (approximately)
DELETE FROM `tbl_profile`;
/*!40000 ALTER TABLE `tbl_profile` DISABLE KEYS */;
INSERT INTO `tbl_profile` (`user_id`, `display_name`, `headline`, `introduction`, `create_time`, `update_time`) VALUES
	(1, 'mn12op', '고용주 입니다.', '안녕하세요. 고용주 입니다.', '2016-07-14 19:33:56', '2016-07-14 19:34:06'),
	(2, 'display name test 123', '웹 프로그래머 가나다라', '자기자신에 관해 소개 작성\r\n아아아아\r\n가나다라마바사', '2016-07-05 11:16:45', '2016-07-07 20:55:02'),
	(3, 'po2345', 'JAVA, PHP 개발자', 'EXPERT IN THESE SKILLS: ## Photo Shop & Illustrator >> Clipping path >> Background removing/changing/deep etching >> Image editing >> Image optimization for web >> Image enhancement >> Portrait retouching >> Image manipulation >> Photo restoration >> Photo Retouch >> Hair masking >> Color correction >> Creating vector image >> Flyer/Brochure design >> Business card >> Banner design ## Date Entry >> Web Scraping >> Data Mining >> Data Processing >> Product upload >> PDF to word/Excel With over 5 years experience in the graphics design, Photo Shop and photo editing. We are very specialized in data entry, web research, eCommerce product upload, data conversion, processing, database creation, word processing, SEO optimization and all web applications with our experience.', '2016-07-06 19:12:19', '2016-07-11 10:23:04'),
	(4, 'trustswim_pro', '개발자', '뛰어난 개발자 뛰어난 개발자 뛰어난 개발자 뛰어난 개발자 뛰어난 개발자 뛰어난 개발자', '2016-07-07 20:54:58', '2016-07-07 20:55:43'),
	(5, 'nibbong 123', '헤드라인', '설명 블라블라\r\n설명 블라블라설명 블라블라설명 블라블라설명 블라블라설명 블라블라설명 블라블라설명 블라블라설명 블라블라설명 블라블라', '2016-07-06 19:25:54', '2016-07-06 19:26:16');
/*!40000 ALTER TABLE `tbl_profile` ENABLE KEYS */;


-- Dumping structure for table free.tbl_project
CREATE TABLE IF NOT EXISTS `tbl_project` (
  `project_id` int(11) NOT NULL COMMENT '프로젝트 고유 ID',
  `user_id` int(11) DEFAULT NULL COMMENT '프로젝트 게시자 ID',
  `cate_id` int(11) DEFAULT NULL COMMENT '카테고리 ID',
  `project_role` varchar(100) DEFAULT NULL,
  `project_name` varchar(450) DEFAULT NULL COMMENT '프로젝트명',
  `project_desc` longtext COMMENT '프로젝트 설명',
  `project_status` varchar(3) DEFAULT NULL COMMENT '프로젝트 상태',
  `bid_status` varchar(25) DEFAULT NULL,
  `project_st_date` varchar(8) DEFAULT NULL,
  `project_ed_date` varchar(8) DEFAULT NULL,
  `term_type` varchar(25) DEFAULT NULL COMMENT '프로젝트 기간 유형\n- 1 : 기간\n- 2 : 개월\n- 3 : 주\n- 4 : 일',
  `days` int(11) DEFAULT NULL COMMENT '프로젝트 일수',
  `area_code` int(11) DEFAULT NULL,
  `address_detail` varchar(450) DEFAULT NULL,
  `min_budget` decimal(15,2) DEFAULT NULL COMMENT '프로젝트 최소 예산',
  `max_budget` decimal(15,2) DEFAULT NULL COMMENT '프로젝트 최대 예산',
  `attach_file_id` int(11) DEFAULT NULL COMMENT '첨부파일',
  `bids_st_time` datetime DEFAULT NULL COMMENT '입찰 시작일시',
  `bids_ed_time` datetime DEFAULT NULL COMMENT '입찰 종료일시',
  `create_time` datetime DEFAULT NULL,
  `update_time` datetime DEFAULT NULL,
  PRIMARY KEY (`project_id`)
) ENGINE=InnoDB DEFAULT CHARSET=utf8;

-- Dumping data for table free.tbl_project: ~21 rows (approximately)
DELETE FROM `tbl_project`;
/*!40000 ALTER TABLE `tbl_project` DISABLE KEYS */;
INSERT INTO `tbl_project` (`project_id`, `user_id`, `cate_id`, `project_role`, `project_name`, `project_desc`, `project_status`, `bid_status`, `project_st_date`, `project_ed_date`, `term_type`, `days`, `area_code`, `address_detail`, `min_budget`, `max_budget`, `attach_file_id`, `bids_st_time`, `bids_ed_time`, `create_time`, `update_time`) VALUES
	(1, 4, 1, NULL, '케이잉글리쉬 영어학원 사이트', '케이잉글리쉬 영어학원 사이트 케이잉글리쉬 영어학원 사이트 케이잉글리쉬 영어학원 사이트 케이잉글리쉬 영어학원 사이트 케이잉글리쉬 영어학원 사이트 케이잉글리쉬 영어학원 사이트', '3', '3', '20160714', NULL, '1', 7, 262, '중구 46-2번지 301호', 5000000.00, 7000000.00, NULL, '2016-07-11 12:49:50', '2016-07-18 12:49:50', '2016-07-11 12:49:50', '2016-07-14 20:39:48'),
	(2, 5, 1, NULL, 'Web development', 'I need a new website. I need you to design and build a website for my small business. Need a website for my private owned company', '3', '3', '20160718', NULL, '2', 150, NULL, '', 3000000.00, 4000000.00, NULL, '2016-07-11 13:14:58', '2016-07-18 13:14:58', '2016-07-11 13:14:58', '2016-07-14 15:19:09'),
	(3, 4, 1, '1,2', '학원사이트 제작해봐요', '학원사이트 제작해봐요 학원사이트 제작해봐요 학원사이트 제작해봐요 학원사이트 제작해봐요 학원사이트 제작해봐요', '4', '2', '20160720', '20160711', '1', 9999, 250, '대전 동구 41-3', 50000.00, 60000.00, NULL, '2016-07-11 13:58:18', '2016-07-18 13:58:18', '2016-07-11 13:58:18', '2016-07-18 17:56:50'),
	(6, 5, 1, '', '구직 사이트', '구직 사이트를 구현구직 사이트를 구현구직 사이트를 구현구직 사이트를 구현\r\n구직 사이트를 구현구직 사이트를 구현구직 사이트를 구현구직 사이트를 구현\r\n구직 사이트를 구현구직 사이트를 구현구직 사이트를 구현구직 사이트를 구현\r\n구직 사이트를 구현구직 사이트를 구현구직 사이트를 구현구직 사이트를 구현', '3', '3', '20160801', NULL, '2', 300, NULL, '', 8000000.00, 10000000.00, NULL, '2016-07-11 20:09:32', '2016-07-18 20:09:32', '2016-07-11 20:09:32', '2016-07-12 12:03:42'),
	(10, 5, 1, '2', 'Design an app mockup for car selling app', 'Please read this before bidding.\r\n\r\nI need a mobile app Mockup for upcoming car selling app .\r\n\r\nThe mockup needs a the look, feel and functionalities of the material provided.\r\nThe app will be for people buying and selling cars and i do not need everything to be on the mockup whats on the material/images i only need the stuff that makes a mobile app.\r\n\r\nOnce selected i will provide you with the materiel.Please only experienced and talented graphic designers do not waste my time and yours.\r\n\r\nI will pay only upon successful completion of work due to being scammed many times and low quality work.\r\n\r\nPlease provide portfolio with recent work.if not portfolio is provided i will not reply.\r\n\r\nThank you.\r\n', '4', '3', '20160720', '20160712', '2', 60, 1, '', 1000000.00, 2000000.00, NULL, '2016-07-12 13:49:02', '2016-07-19 13:49:02', '2016-07-12 13:49:02', '2016-07-12 19:08:47'),
	(11, 5, 1, '2', 'Web development', 'I need a new website. I need you to design and build a website for my small business. I am from india having experience in fish forming business, due to my financial problems i have quite the business, business is veryly having scope in global world, i am searching partner for investment, for this project we need land one acres or more , water, electric, four wheeler vehicles , purchasing seeds, for growth it will take 6 month for one ...', '4', '3', '20160801', '20160714', '2', 60, NULL, NULL, 15000000.00, 20000000.00, NULL, '2016-07-12 20:19:12', '2016-07-19 20:19:12', '2016-07-12 20:19:12', '2016-07-14 17:11:46'),
	(12, 1, NULL, NULL, 'po2345님을 위한 프로젝트', '안녕하세요 po2345님, 귀하의 프로필을 보았고 저의 프로젝트를 제안하고 싶습니다.', '2', '1', '20160725', NULL, '2', 60, NULL, NULL, 1000000.00, 1000000.00, NULL, NULL, NULL, '2016-07-13 20:02:50', NULL),
	(13, 1, NULL, NULL, '온라인 쇼핑몰 퍼블리싱 작업', '온라인 쇼핑몰 퍼블리싱 작업..온라인 쇼핑몰 퍼블리싱 작업..', '3', '2', '20160725', NULL, '3', 28, NULL, NULL, 500000.00, 500000.00, NULL, '2016-07-13 20:04:56', '2016-07-20 20:04:56', '2016-07-13 20:04:56', NULL),
	(14, 4, 1, '2', '테스트용 풀 프로젝트 ', '프로젝트 프로젝트 프로젝트 프로젝트 프로젝트 프로젝트 프로젝트 프로젝트 프로젝트 프로젝트 프로젝트 프로젝트', '5', '1', '20160721', NULL, '3', 70, 30, '우리집', 20.00, 30.00, NULL, '2016-07-14 10:33:30', '2016-07-21 10:33:30', '2016-07-14 10:33:30', '2016-07-14 15:44:58'),
	(15, 5, 1, '2', 'ABC마트 사이트', 'ABC마트 사이트\r\n신발 팔아요.신발 팔아요.신발 팔아요.신발 팔아요.\r\n신발 팔아요.신발 팔아요.신발 팔아요.신발 팔아요.신발 팔아요.신발 팔아요.신발 팔아요.신발 팔아요.신발 팔아요.신발 팔아요.신발 팔아요.신발 팔아요.', '4', '3', '20160801', '20160714', '2', 180, NULL, NULL, 4000000.00, 5000000.00, NULL, '2016-07-14 14:32:04', '2016-07-21 14:32:04', '2016-07-14 14:32:04', '2016-07-14 16:13:33'),
	(16, 10, NULL, NULL, '프로필관리 모바일 앱 개발', '프로필관리 모바일 앱 개발..프로필관리 모바일 앱 개발..', '2', '1', '20160725', NULL, '1', 90, NULL, NULL, 30000000.00, 30000000.00, NULL, NULL, NULL, '2016-07-14 14:40:58', NULL),
	(18, 1, 1, '3', '자동차 인테리어 쇼핑몰 사진 보정 작업', '안녕하세요. 자동차 인테리어 쇼핑몰 운영 업체입니다.\r\n쇼핑몰 사진 보정 작업을 해주실 분을 구합니다.', '2', '1', '20160718', NULL, '4', 3, NULL, NULL, 100000.00, 150000.00, NULL, '2016-07-14 16:01:08', '2016-07-21 16:01:08', '2016-07-14 16:01:08', '2016-07-15 13:41:50'),
	(19, 5, 2, '3', '기계식 키보드 커뮤니티 사이트', '기계식 키보드 커뮤니티 사이트\r\n모든 키보드, 마우스에 열광하는 유저들을 위한 사이트를 제작', '3', '3', '20160725', NULL, '2', 60, NULL, NULL, 2000000.00, 2500000.00, NULL, '2016-07-14 18:15:33', '2016-07-21 18:15:33', '2016-07-14 18:15:33', '2016-07-15 10:13:59'),
	(20, NULL, 1, '2', '테스트용 풀 프로젝트 22', '으어아니 으어아니 으어아니 으어아니 으어아니 으어아니 으어아니 으어아니 으어아니 으어아니 으어아니 ', '2', NULL, '20160721', NULL, '3', 56, 1, '우리집', 20.00, 30.00, NULL, '2016-07-14 18:27:56', '2016-07-21 18:27:56', '2016-07-14 18:27:56', '2016-07-14 18:28:28'),
	(21, 4, 1, '2', '테스트용 풀 프로젝트2', '으어아니 으어아니 으어아니 으어아니 으어아니 으어아니 으어아니 으어아니 으어아니 으어아니 으어1', '4', '2', '20160721', '20160715', '3', 21, 1, '우리집', 20.00, 30.00, NULL, '2016-07-14 18:29:57', '2016-07-21 18:29:57', '2016-07-14 18:29:57', '2016-07-15 12:40:32'),
	(22, 1, 2, '', '배달앱 제작', '안녕하세요. 배달앱 제작을 의뢰합니다.', '4', '3', '20160725', NULL, '1', 90, NULL, NULL, 15000000.00, 20000000.00, NULL, '2016-07-14 19:42:44', '2016-07-21 19:42:44', '2016-07-14 19:42:44', '2016-07-14 20:09:02'),
	(23, 1, NULL, NULL, 'stomline님을 위한 프로젝트', '안녕하세요 stomline님, 귀하의 프로필을 보았고 저의 프로젝트를 제안하고 싶습니다.', '3', '3', '20160725', NULL, '1', 7, NULL, NULL, 300000.00, 300000.00, NULL, NULL, NULL, '2016-07-14 20:31:23', '2016-07-14 20:34:53'),
	(24, 4, 1, '2', '프로세스 테스트', '오늘도 나는 이렇게 홀로 오늘도 나는 이렇게 홀로 오늘도 나는 이렇게 홀로 오늘도 나는 이렇게 홀로 오늘도 나는 이렇게 홀로 오늘도 나는 이렇게 홀로 오늘도 나는 이렇게 홀로', '2', '1', '20160722', NULL, '2', 300, NULL, '우리집', 50000000.00, 60000000.00, NULL, '2016-07-15 17:23:29', '2016-07-22 17:23:29', '2016-07-15 17:23:29', NULL),
	(25, 5, NULL, NULL, 'hachi0330님을 위한 프로젝트', '안녕하세요 hachi0330님, 귀하의 프로필을 보았고 저의 프로젝트를 제안하고 싶습니다.', '2', '1', '20160718', NULL, '1', 7, NULL, NULL, 300000.00, 300000.00, NULL, NULL, NULL, '2016-07-15 18:22:50', NULL),
	(26, 2, 1, '3', '자동차 인테리어 쇼핑몰 사진 보정 작업 22', '안녕하세요. 자동차 인테리어 쇼핑몰 운영 업체입니다.\r\n쇼핑몰 사진 보정 작업을 해주실 분을 구합니다.', '2', '1', '20161101', NULL, '2', 90, NULL, NULL, 100000.00, 150000.00, NULL, '2016-10-20 21:47:26', '2016-10-27 21:47:26', '2016-10-20 21:47:26', NULL),
	(27, 11, NULL, '1,2,3', '재능기부 사이트', '개인이 가지고 있는 재능을 나눔할 수 있다 는 기획하에 제작하는 사이트', '2', '1', '20170101', NULL, '2', 90, NULL, '테헤란로 101', 30000000.00, 40000000.00, NULL, '2016-10-20 22:56:10', '2016-10-27 22:56:10', '2016-10-20 22:56:10', NULL);
/*!40000 ALTER TABLE `tbl_project` ENABLE KEYS */;


-- Dumping structure for table free.tbl_project_skill
CREATE TABLE IF NOT EXISTS `tbl_project_skill` (
  `project_id` int(11) NOT NULL,
  `skill_id` int(11) NOT NULL,
  `skill_name` varchar(450) DEFAULT NULL,
  PRIMARY KEY (`project_id`,`skill_id`)
) ENGINE=InnoDB DEFAULT CHARSET=utf8;

-- Dumping data for table free.tbl_project_skill: ~60 rows (approximately)
DELETE FROM `tbl_project_skill`;
/*!40000 ALTER TABLE `tbl_project_skill` DISABLE KEYS */;
INSERT INTO `tbl_project_skill` (`project_id`, `skill_id`, `skill_name`) VALUES
	(1, 2, 'PHP'),
	(1, 8, 'MYSQL'),
	(1, 22, 'HTML5'),
	(2, 2, 'PHP'),
	(2, 5, 'HTML'),
	(2, 8, 'MYSQL'),
	(3, 1, 'JAVA'),
	(3, 36, 'AJAX'),
	(4, 2, 'PHP'),
	(6, 1, 'JAVA'),
	(6, 6, 'ORACLE'),
	(6, 19, '전자정부프레임워크'),
	(7, 36, 'AJAX'),
	(8, 3, 'ASP'),
	(9, 21, 'JSP'),
	(10, 2, 'PHP'),
	(10, 5, 'HTML'),
	(10, 8, 'MYSQL'),
	(10, 11, 'CSS'),
	(11, 2, 'PHP'),
	(11, 5, 'HTML'),
	(11, 8, 'MYSQL'),
	(11, 10, '자바스크립트'),
	(12, 5, 'HTML'),
	(12, 10, '자바스크립트'),
	(13, 5, 'HTML'),
	(13, 10, '자바스크립트'),
	(14, 4, '.NET'),
	(14, 5, 'HTML'),
	(14, 10, '자바스크립트'),
	(15, 1, 'JAVA'),
	(15, 5, 'HTML'),
	(15, 6, 'ORACLE'),
	(15, 10, '자바스크립트'),
	(18, 28, '포토샵'),
	(18, 39, '웹디자인'),
	(19, 28, '포토샵'),
	(19, 29, '일러스트'),
	(20, 2, 'PHP'),
	(20, 4, '.NET'),
	(20, 5, 'HTML'),
	(20, 10, '자바스크립트'),
	(20, 18, 'JEUS'),
	(21, 2, 'PHP'),
	(21, 5, 'HTML'),
	(21, 36, 'AJAX'),
	(22, 23, '안드로이드'),
	(22, 24, '아이폰'),
	(22, 26, '모바일'),
	(22, 28, '포토샵'),
	(24, 2, 'PHP'),
	(24, 5, 'HTML'),
	(24, 10, '자바스크립트'),
	(26, 28, '포토샵'),
	(26, 39, '웹디자인'),
	(27, 5, 'HTML'),
	(27, 10, '자바스크립트'),
	(27, 26, '모바일'),
	(27, 28, '포토샵'),
	(27, 39, '웹디자인');
/*!40000 ALTER TABLE `tbl_project_skill` ENABLE KEYS */;


-- Dumping structure for table free.tbl_project_task
CREATE TABLE IF NOT EXISTS `tbl_project_task` (
  `project_id` int(11) NOT NULL,
  `user_id` int(11) NOT NULL,
  `task_id` int(11) NOT NULL,
  `user_role` varchar(25) DEFAULT NULL,
  `task_contents` varchar(450) DEFAULT NULL,
  `task_cost` decimal(15,2) DEFAULT NULL,
  `task_status` varchar(25) DEFAULT NULL,
  `st_date` datetime DEFAULT NULL COMMENT '제안 시점',
  `ed_date` datetime DEFAULT NULL COMMENT '지불시점',
  `create_time` datetime DEFAULT NULL,
  `update_time` datetime DEFAULT NULL,
  PRIMARY KEY (`project_id`,`user_id`,`task_id`)
) ENGINE=InnoDB DEFAULT CHARSET=utf8;

-- Dumping data for table free.tbl_project_task: ~61 rows (approximately)
DELETE FROM `tbl_project_task`;
/*!40000 ALTER TABLE `tbl_project_task` DISABLE KEYS */;
INSERT INTO `tbl_project_task` (`project_id`, `user_id`, `task_id`, `user_role`, `task_contents`, `task_cost`, `task_status`, `st_date`, `ed_date`, `create_time`, `update_time`) VALUES
	(1, 7, 1, '2', '가나다라', 6600000.00, '4', '2016-07-13 23:59:36', NULL, '2016-07-13 23:59:36', '2016-07-14 20:43:33'),
	(2, 2, 1, '2', '지불계획 수정', 3000000.00, '1', '2016-07-11 14:56:53', NULL, '2016-07-11 14:56:53', '2016-07-11 18:56:19'),
	(2, 2, 2, '2', '착수금', 100000.00, '1', '2016-07-11 18:12:05', NULL, '2016-07-11 18:12:05', NULL),
	(2, 7, 1, '2', '설계 및 개발', 3850000.00, '1', '2016-07-11 14:56:12', NULL, '2016-07-11 14:56:12', NULL),
	(3, 1, 1, '1', '착수금지불', 2000.00, '3', '2016-07-11 16:44:08', NULL, '2016-07-11 16:44:08', NULL),
	(3, 1, 2, '1', '계획', 3000.00, '3', '2016-07-11 16:44:22', NULL, '2016-07-11 16:44:22', NULL),
	(3, 1, 3, '1', '작업', 4500.00, '3', '2016-07-11 16:44:36', NULL, '2016-07-11 16:44:36', NULL),
	(3, 1, 4, '1', '월정산', 200000000.00, '2', '2016-07-11 16:44:58', NULL, '2016-07-11 16:44:58', NULL),
	(3, 1, 5, '1', '아', 20.00, '2', '2016-07-12 20:28:08', NULL, '2016-07-12 20:28:08', NULL),
	(3, 1, 6, '1', 'test', 200.00, '2', '2016-07-14 18:55:55', NULL, '2016-07-14 18:55:55', NULL),
	(3, 1, 7, '1', '예치', 299.00, '2', '2016-07-15 13:09:40', NULL, '2016-07-15 13:09:40', NULL),
	(3, 1, 8, '1', 'dhk', 200.00, '2', '2016-07-15 15:50:24', NULL, '2016-07-15 15:50:24', NULL),
	(3, 1, 9, '1', '추가', 50000.00, '2', '2016-07-15 15:54:46', NULL, '2016-07-15 15:54:46', NULL),
	(6, 2, 1, '2', '설계 및 개발 수정', 7000000.00, '2', '2016-07-11 20:55:39', NULL, '2016-07-11 20:55:39', '2016-07-11 20:57:22'),
	(6, 2, 3, '2', '완료 수정', 1500000.00, '1', '2016-07-11 20:56:25', NULL, '2016-07-11 20:56:25', '2016-07-11 20:57:32'),
	(6, 2, 4, '1', '추가 수정', 300000.00, '2', '2016-07-12 11:14:01', NULL, '2016-07-12 11:14:01', '2016-07-12 11:25:26'),
	(6, 2, 5, '1', '디자인', 100000.00, '3', '2016-07-12 13:44:22', NULL, '2016-07-12 13:44:22', '2016-07-12 13:44:32'),
	(10, 1, 1, '1', '', 1650000.00, '2', '2016-07-12 18:27:59', NULL, '2016-07-12 18:27:59', NULL),
	(10, 1, 2, '1', 'sk', 120.00, '1', '2016-07-12 18:37:27', NULL, '2016-07-12 18:37:27', NULL),
	(10, 1, 3, '1', '', 0.00, '1', '2016-07-12 18:51:59', NULL, '2016-07-12 18:51:59', NULL),
	(11, 2, 1, '2', '개발', 19800000.00, '1', '2016-07-12 20:50:51', NULL, '2016-07-12 20:50:51', '2016-07-12 20:58:41'),
	(11, 2, 2, '1', '착수', 100000.00, '2', '2016-07-12 21:04:36', '2016-07-12 21:04:36', '2016-07-12 21:04:36', '2016-07-12 21:04:36'),
	(11, 4, 3, '2', '개발', 6500000.00, '1', '2016-07-13 09:40:22', NULL, '2016-07-13 09:40:22', NULL),
	(11, 4, 4, '2', '완료', 6600000.00, '1', '2016-07-13 09:56:42', NULL, '2016-07-13 09:56:42', NULL),
	(11, 4, 5, '2', '01', 5050000.00, '1', '2016-07-13 10:06:30', NULL, '2016-07-13 10:06:30', NULL),
	(11, 7, 1, '2', '설계 01', 2000000.00, '1', '2016-07-13 11:36:35', NULL, '2016-07-13 11:36:35', '2016-07-13 11:36:54'),
	(11, 7, 2, '2', 'test', 100000.00, '2', '2016-07-13 12:03:19', NULL, '2016-07-13 12:03:19', NULL),
	(11, 7, 3, '1', '지불', 200000.00, '3', '2016-07-13 12:03:19', '2016-07-13 12:03:19', '2016-07-13 12:03:19', NULL),
	(15, 2, 1, '2', '디폴트 지불계획', 4400000.00, '1', '2016-07-14 14:33:53', NULL, '2016-07-14 14:33:53', NULL),
	(15, 7, 1, '2', '착수', 1950000.00, '1', '2016-07-14 15:17:05', NULL, '2016-07-14 15:17:05', NULL),
	(15, 7, 2, '2', '개발', 2000000.00, '1', '2016-07-14 15:17:05', NULL, '2016-07-14 15:17:05', NULL),
	(15, 7, 3, '2', '완료', 1000000.00, '2', '2016-07-14 15:17:05', NULL, '2016-07-14 15:17:05', NULL),
	(18, 4, 1, '2', 'qwer', 137500.00, '1', '2016-07-15 13:39:38', NULL, '2016-07-15 13:39:38', NULL),
	(18, 4, 2, '2', '돈줘', 10000.00, '1', '2016-07-15 13:47:18', NULL, '2016-07-15 13:47:18', NULL),
	(18, 4, 3, '1', '일핸', 20000.00, '2', '2016-07-15 13:47:34', NULL, '2016-07-15 13:47:34', NULL),
	(18, 11, 1, '2', '돈주세요', 137500.00, '1', '2016-07-15 19:37:30', NULL, '2016-07-15 19:37:30', NULL),
	(19, 2, 2, '2', '디자인', 1020000.00, '1', '2016-07-15 10:11:53', NULL, '2016-07-15 10:11:53', NULL),
	(19, 2, 3, '2', '개발', 1000000.00, '1', '2016-07-15 10:11:53', NULL, '2016-07-15 10:11:53', NULL),
	(19, 2, 4, '2', '개발', 400000.00, '1', '2016-07-15 10:12:31', NULL, '2016-07-15 10:12:31', NULL),
	(19, 4, 1, '2', '분석', 1300000.00, '3', '2016-07-15 10:12:06', NULL, '2016-07-15 10:12:06', NULL),
	(19, 4, 2, '2', '설계', 1000000.00, '4', '2016-07-15 10:12:06', NULL, '2016-07-15 10:12:06', '2016-07-15 10:15:35'),
	(19, 4, 3, '2', '디자인', 500000.00, '1', '2016-07-15 10:12:06', NULL, '2016-07-15 10:12:06', NULL),
	(19, 4, 4, '2', '개발', 400000.00, '1', '2016-07-15 10:12:06', NULL, '2016-07-15 10:12:06', NULL),
	(19, 4, 5, '2', '테스트', 100000.00, '1', '2016-07-15 10:12:06', NULL, '2016-07-15 10:12:06', NULL),
	(21, 6, 1, '2', '예치2', 200.00, '2', '2016-07-14 20:43:05', NULL, '2016-07-14 20:43:05', NULL),
	(21, 6, 2, '2', '개발', 300.00, '6', '2016-07-14 20:43:18', NULL, '2016-07-14 20:43:18', NULL),
	(21, 6, 3, '2', '설계', 400.00, '2', '2016-07-14 20:43:36', NULL, '2016-07-14 20:43:36', NULL),
	(21, 6, 4, '2', '테스트', 500.00, '3', '2016-07-14 20:43:51', NULL, '2016-07-14 20:43:51', NULL),
	(21, 6, 5, '1', '와', 200.00, '5', '2016-07-14 21:41:38', NULL, '2016-07-14 21:41:38', '2016-07-14 21:42:38'),
	(22, 3, 1, '2', '설계', 5000000.00, '1', '2016-07-14 19:52:23', NULL, '2016-07-14 19:52:23', NULL),
	(22, 3, 2, '2', '디자인', 800000.00, '1', '2016-07-14 19:52:23', NULL, '2016-07-14 19:52:23', NULL),
	(22, 3, 3, '2', '개발', 11800000.00, '1', '2016-07-14 19:52:23', NULL, '2016-07-14 19:52:23', NULL),
	(22, 9, 1, '2', '', 19800000.00, '4', '2016-07-14 19:55:51', NULL, '2016-07-14 19:55:51', NULL),
	(22, 9, 2, '1', '기획', 5000000.00, '3', '2016-07-14 20:00:55', NULL, '2016-07-14 20:00:55', NULL),
	(22, 9, 3, '2', '디자인', 850000.00, '3', '2016-07-14 20:14:07', NULL, '2016-07-14 20:14:07', '2016-07-14 20:14:17'),
	(24, 2, 1, '2', '', 60500000.00, '1', '2016-07-19 11:46:45', NULL, '2016-07-19 11:46:45', NULL),
	(24, 6, 1, '2', '설계', 500000.00, '1', '2016-07-15 17:27:17', NULL, '2016-07-15 17:27:17', NULL),
	(24, 6, 2, '2', '개발', 20000000.00, '1', '2016-07-15 17:27:17', NULL, '2016-07-15 17:27:17', NULL),
	(24, 6, 3, '2', '디자인', 20000000.00, '1', '2016-07-15 17:27:17', NULL, '2016-07-15 17:27:17', NULL),
	(24, 6, 4, '2', '테스트', 20000000.00, '1', '2016-07-15 17:27:17', NULL, '2016-07-15 17:27:17', NULL),
	(26, 11, 1, '2', '개발완료123', 137500.00, '1', '2016-10-20 21:52:11', NULL, '2016-10-20 21:52:11', '2016-10-20 21:53:03');
/*!40000 ALTER TABLE `tbl_project_task` ENABLE KEYS */;


-- Dumping structure for table free.tbl_project_user
CREATE TABLE IF NOT EXISTS `tbl_project_user` (
  `project_id` int(11) NOT NULL,
  `user_id` int(11) NOT NULL,
  `bid_status` varchar(1) DEFAULT NULL COMMENT '입찰상태',
  `confirm_status` varchar(1) DEFAULT NULL,
  `confirm_status_time` datetime DEFAULT NULL,
  `work_status` varchar(1) DEFAULT NULL,
  `bid_intro` blob,
  `bid_cost` decimal(15,2) DEFAULT NULL COMMENT '입찰가격',
  `commission` decimal(15,2) DEFAULT NULL COMMENT 'bid_cost에 대한 수수료',
  `bid_term` int(11) DEFAULT NULL COMMENT '작업 기간(프로젝트의 기간에 따라 계산->일,주,개월)',
  `create_time` datetime DEFAULT NULL,
  `update_time` datetime DEFAULT NULL,
  PRIMARY KEY (`project_id`,`user_id`)
) ENGINE=InnoDB DEFAULT CHARSET=utf8;

-- Dumping data for table free.tbl_project_user: ~30 rows (approximately)
DELETE FROM `tbl_project_user`;
/*!40000 ALTER TABLE `tbl_project_user` DISABLE KEYS */;
INSERT INTO `tbl_project_user` (`project_id`, `user_id`, `bid_status`, `confirm_status`, `confirm_status_time`, `work_status`, `bid_intro`, `bid_cost`, `commission`, `bid_term`, `create_time`, `update_time`) VALUES
	(1, 7, '3', '3', '2016-07-14 20:39:48', '2', _binary 0xEB8298EBA5BC20EBBD91EC9584ECA3BCEC82BC212121EB8298EBA5BC20EBBD91EC9584ECA3BCEC82BC212121EB8298EBA5BC20EBBD91EC9584ECA3BCEC82BC212121EB8298EBA5BC20EBBD91EC9584ECA3BCEC82BC212121EB8298EBA5BC20EBBD91EC9584ECA3BCEC82BC212121EB8298EBA5BC20EBBD91EC9584ECA3BCEC82BC212121EB8298EBA5BC20EBBD91EC9584ECA3BCEC82BC212121EB8298EBA5BC20EBBD91EC9584ECA3BCEC82BC212121EB8298EBA5BC20EBBD91EC9584ECA3BCEC82BC212121EB8298EBA5BC20EBBD91EC9584ECA3BCEC82BC212121EB8298EBA5BC20EBBD91EC9584ECA3BCEC82BC212121EB8298EBA5BC20EBBD91EC9584ECA3BCEC82BC212121EB8298EBA5BC20EBBD91EC9584ECA3BCEC82BC212121EB8298EBA5BC20EBBD91EC9584ECA3BCEC82BC212121EB8298EBA5BC20EBBD91EC9584ECA3BCEC82BC212121EB8298EBA5BC20EBBD91EC9584ECA3BCEC82BC212121EB8298EBA5BC20EBBD91EC9584ECA3BCEC82BC212121EB8298EBA5BC20EBBD91EC9584ECA3BCEC82BC212121EB8298EBA5BC20EBBD91EC9584ECA3BCEC82BC212121EB8298EBA5BC20EBBD91EC9584ECA3BCEC82BC212121EB8298EBA5BC20EBBD91EC9584ECA3BCEC82BC212121EB8298EBA5BC20EBBD91EC9584ECA3BCEC82BC212121EB8298EBA5BC20EBBD91EC9584ECA3BCEC82BC212121, 6000000.00, 600000.00, 7, '2016-07-13 23:59:20', '2016-07-14 20:39:48'),
	(2, 2, '3', '3', '2016-07-14 15:19:09', '2', _binary 0x48692077652068617665207465616D206F662064657369676E657220616E6420646576656C6F7065722077686F2077696C6C20776F726B206F6E2074686520646966666572656E7420617370656374206F66207468652070726F6A65637420616E64206D616B65206974206C696B6520796F7520617265206C6F6F6B696E6720666F722E0D0A200D0A20506C6561736520636865636B20736F6D65206F662074686520776F726B207765206861766520646F6E65206174207777772E74726574616E7A2E636F6D0D0A200D0A20576520646964206D6F7265207468656E20323030206F662070726F6A6563747320616E6420796F752077696C6C206265207265616C6C792068617070792077697468207468652066696E616C20726573756C742E0D0A200D0A2057652077696C6C206D616B6520746865207369746520726573706F6E7369766520736F2069742077696C6C20776F726B206F6E20616C6C2074686520646576696365732E0D0A200D0A205468616E6B73207761697420666F7220796F757220726573706F6E73652E, 3000000.00, NULL, 120, '2016-07-11 14:56:41', '2016-07-14 15:19:09'),
	(2, 7, '1', '4', NULL, NULL, _binary 0x4772656574696E67732C200D0A200D0A2041732070657220746865206A6F622064657461696C7320746865207461736B20697320746F20796F7520617265206C6F6F6B696E6720666F722061207369746520666F7220796F757220636F6D70616E792E20506C65617365207368617265207468652064657461696C20696E666F20616E64206C6574206D65206B6E6F77207768656E2063616E207765206469736375732E4173206920616D20617661696C61626C65207269676874206E6F7720666F722063686174200D0A200D0A2054686973206973206A617320776F726B696E672061732065787065727420667265656C616E63657220696E2077656220646576656C6F70657220616E642064657369676E696E6720616E642068617665200D0A206861766520657863656C6C656E7420736B696C6C7320696E205068702F4D7953716C2028342635292C20416A61782C2046616365626F6F6B204170692F2046616E20506167652C2048544D4C2C205868746D6C2C204373732050736420746F2048746D6C2C206672616D65776F726B205A656E642C20436F646549676E697465722C204A71756572792C204A6176617363726970742C20576F7264707265737320616E642044657369676E696E6720776F726B207468726F7567682050686F746F73686F702C447265616D77656176657220657463204920616D2073656E64696E6720796F7520736F6D65206F6620746865206C696E6B73206F66206D7920706173742070726F6A6563747320736F207468617420796F752063616E2068617665206120676C696D707365206F66206D79207461736B2E0D0A200D0A200D0A20687474703A2F2F7777772E6170657862696C6C65722E636F6D2F0D0A20687474703A2F2F7777772E646F6E6E616672616E63657363612E617369612F0D0A2068747470733A2F2F616D70776F726C642E64652F0D0A20687474703A2F2F7777772E616D657269776F6F642E636F6D2F0D0A20687474703A2F2F7777772E62656C67726176696167726F75702E636F6D2F0D0A200D0A205468616E6B732C6A6173, 3500000.00, NULL, 150, '2016-07-11 14:55:33', '2016-07-13 21:22:13'),
	(3, 1, '2', '2', '2016-07-11 16:43:37', '3', _binary 0x48656C6C6F205369722C0A200A204920616D207265616C6C79207665727920676C616420746F206B6E6F772061626F757420796F75722070726F6A656374206465736372697074696F6E2E20492077616E7420746F2073746172742074686973207461736B20617320736F6F6E20617320706F737369626C65206265796F6E6420746869730A20492068617665206D6F7265207468616E2074776F207965617273206F6620657870657269616E63652C20696E20646576656C6F70696E67206669656C642E204920686176652064656570206B6E6F776C65646765206F662022632C7068702C776F726470726573732C2068746D6C2C6373732C20626F6F747374726170652C2043616B65205048502C204F70656E63617274222E0A205468616E6B796F752076657279206D75636820746F2070726F766964652073756368206B696E64206F66207461736B20746F206D652E204D7920416C6C2057656273697465732050726F6A656374732054686174204920686164206D616465642061726520696E207468697320706F7274666F6C696F2E0A200A20, 3500000.00, NULL, 140, '2016-07-11 13:23:46', '2016-07-11 17:00:53'),
	(3, 3, '2', '2', '2016-07-11 16:43:38', '3', NULL, 4000000.00, NULL, 150, '2016-07-11 13:23:46', '2016-07-11 18:36:31'),
	(6, 2, '3', '3', '2016-07-12 12:03:42', '2', _binary 0x4772656574696E67732C200D0A200D0A2041732070657220746865206A6F622064657461696C7320746865207461736B20697320746F20796F7520617265206C6F6F6B696E6720666F722061207369746520666F7220796F757220636F6D70616E792E20506C65617365207368617265207468652064657461696C20696E666F20616E64206C6574206D65206B6E6F77207768656E2063616E207765206469736375732E4173206920616D20617661696C61626C65207269676874206E6F7720666F722063686174200D0A200D0A2054686973206973206A617320776F726B696E672061732065787065727420667265656C616E63657220696E2077656220646576656C6F70657220616E642064657369676E696E6720616E642068617665200D0A206861766520657863656C6C656E7420736B696C6C7320696E205068702F4D7953716C2028342635292C20416A61782C2046616365626F6F6B204170692F2046616E20506167652C2048544D4C2C205868746D6C2C204373732050736420746F2048746D6C2C206672616D65776F726B205A656E642C20436F646549676E697465722C204A71756572792C204A6176617363726970742C20576F7264707265737320616E642044657369676E696E6720776F726B207468726F7567682050686F746F73686F702C447265616D77656176657220657463204920616D2073656E64696E6720796F7520736F6D65206F6620746865206C696E6B73206F66206D7920706173742070726F6A6563747320736F207468617420796F752063616E2068617665206120676C696D707365206F66206D79207461736B2E0D0A2020200D0A205468616E6B732C6A6173, 8500000.00, 850000.00, 260, '2016-07-11 20:54:23', '2016-07-12 12:03:42'),
	(10, 1, '3', '3', '2016-07-12 18:55:36', '3', _binary '', 1500000.00, NULL, 60, '2016-07-12 18:25:22', '2016-07-12 19:08:47'),
	(11, 2, '3', '3', '2016-07-13 10:12:50', '3', _binary 0x4772656574696E67732C200D0A200D0A2041732070657220746865206A6F622064657461696C7320746865207461736B20697320746F20796F7520617265206C6F6F6B696E6720666F722061207369746520666F7220796F757220636F6D70616E792E20506C65617365207368617265207468652064657461696C20696E666F20616E64206C6574206D65206B6E6F77207768656E2063616E207765206469736375732E4173206920616D20617661696C61626C65207269676874206E6F7720666F722063686174200D0A200D0A2054686973206973206A617320776F726B696E672061732065787065727420667265656C616E63657220696E2077656220646576656C6F70657220616E642064657369676E696E6720616E642068617665200D0A206861766520657863656C6C656E7420736B696C6C7320696E205068702F4D7953716C2028342635292C20416A61782C2046616365626F6F6B204170692F2046616E20506167652C2048544D4C2C205868746D6C2C204373732050736420746F2048746D6C2C206672616D65776F726B205A656E642C20436F646549676E697465722C204A71756572792C204A6176617363726970742C20576F7264707265737320616E642044657369676E696E6720776F726B207468726F7567682050686F746F73686F702C447265616D77656176657220657463204920616D2073656E64696E6720796F7520736F6D65206F6620746865206C696E6B73206F66206D7920706173742070726F6A6563747320736F207468617420796F752063616E2068617665206120676C696D707365206F66206D79207461736B2E0D0A200D0A200D0A20687474703A2F2F7777772E6170657862696C6C65722E636F6D2F0D0A20687474703A2F2F7777772E646F6E6E616672616E63657363612E617369612F0D0A2068747470733A2F2F616D70776F726C642E64652F0D0A20687474703A2F2F7777772E616D657269776F6F642E636F6D2F0D0A20687474703A2F2F7777772E62656C67726176696167726F75702E636F6D2F0D0A200D0A205468616E6B732C6A6173, 18000000.00, 1800000.00, 60, '2016-07-12 20:49:39', '2016-07-14 17:11:31'),
	(11, 4, '1', '1', NULL, '1', _binary 0x48656C6C6F205369722C0D0A200D0A204920616D207265616C6C79207665727920676C616420746F206B6E6F772061626F757420796F75722070726F6A656374206465736372697074696F6E2E20492077616E7420746F2073746172742074686973207461736B20617320736F6F6E20617320706F737369626C65206265796F6E6420746869730D0A20492068617665206D6F7265207468616E2074776F207965617273206F6620657870657269616E63652C20696E20646576656C6F70696E67206669656C642E204920686176652064656570206B6E6F776C65646765206F662022632C7068702C776F726470726573732C2068746D6C2C6373732C20626F6F747374726170652C2043616B65205048502C204F70656E63617274222E0D0A205468616E6B796F752076657279206D75636820746F2070726F766964652073756368206B696E64206F66207461736B20746F206D652E204D7920416C6C2057656273697465732050726F6A656374732054686174204920686164206D616465642061726520696E207468697320706F7274666F6C696F2E0D0A200D0A20, 16500000.00, 1650000.00, 40, '2016-07-13 09:30:27', '2016-07-13 10:06:29'),
	(11, 7, '3', '3', '2016-07-13 21:36:56', '3', _binary 0xEAB080EB8298EB8BA4EB9DBCEBA788EBB094EC82AC0D0AEAB3A0EC9AA9ECA3BCEB93A4EC9DB420EC9B90ED9598EB8A9420ED9484EBA19CECA09DED8AB820EC9A94EAB5AC20EC82ACED95ADEC9D8420EC9DB4ED95B4ED95A9EB8B88EB8BA42E0D0AEBB3B8EC9DB8EC9D9820EAB8B0EC88A0EAB3BC20EAB2BDED9798EC979020EC9D98EAB1B0ED9598EC97AC20EC9E90EC8BA0EC9DB420EC999C20EC9E91EC9785EC979020ECA081ED95A9ED959C20ED9484EBA6ACEB9E9CEC849CEC9DB8ECA78020EC84A4EBAA85ED95A9EB8B88EB8BA42E, 17500000.00, 1750000.00, 55, '2016-07-13 09:24:48', '2016-07-14 17:11:46'),
	(12, 3, '2', '2', '2016-07-13 20:02:50', '1', NULL, 1000000.00, 100000.00, 60, '2016-07-13 20:02:51', NULL),
	(13, 3, '2', '2', '2016-07-13 20:04:56', '1', NULL, 500000.00, 50000.00, 28, '2016-07-13 20:04:56', NULL),
	(15, 2, '3', '3', '2016-07-14 15:23:06', '3', _binary 0x48692077652068617665207465616D206F662064657369676E657220616E6420646576656C6F7065722077686F2077696C6C20776F726B206F6E2074686520646966666572656E7420617370656374206F66207468652070726F6A65637420616E64206D616B65206974206C696B6520796F7520617265206C6F6F6B696E6720666F722E0D0A506C6561736520636865636B20736F6D65206F662074686520776F726B207765206861766520646F6E65206174207777772E74726574616E7A2E636F6D0D0A576520646964206D6F7265207468656E20323030206F662070726F6A6563747320616E6420796F752077696C6C206265207265616C6C792068617070792077697468207468652066696E616C20726573756C742E0D0A57652077696C6C206D616B6520746865207369746520726573706F6E7369766520736F2069742077696C6C20776F726B206F6E20616C6C2074686520646576696365732E0D0A5468616E6B73207761697420666F7220796F757220726573706F6E73652E0D0A0D0AEBB894EB9DBCEBB894EB9DBC, 4000000.00, 400000.00, 150, '2016-07-14 14:32:50', '2016-07-14 16:13:33'),
	(15, 7, '3', '3', '2016-07-14 15:24:56', '3', _binary 0xEAB3A0EC9AA9ECA3BCEB93A4EC9DB420EC9B90ED9598EB8A9420ED9484EBA19CECA09DED8AB820EC9A94EAB5AC20EC82ACED95ADEC9D8420EC9DB4ED95B4ED95A9EB8B88EB8BA42E0D0AEBB3B8EC9DB8EC9D9820EAB8B0EC88A0EAB3BC20EAB2BDED9798EC979020EC9D98EAB1B0ED9598EC97AC20EC9E90EC8BA0EC9DB420EC999C20EC9E91EC9785EC979020ECA081ED95A9ED959C20ED9484EBA6ACEB9E9CEC849CEC9DB8ECA78020EC84A4EBAA85ED95A9EB8B88EB8BA42E0D0AEAB3A0EC9AA9ECA3BCEB93A4EC9D9820ED9484EBA19CECA09DED8AB8EBA5BC20EC9984EBA38CED9598EBA0A4EB8A9420EBB0A9EBB295EAB3BC20EC9DB4EBA5BC20EC9C84ED95B420EAB780ED9598EAB08020EC82ACEC9AA9ED95A020EAB8B0EC88A0EC9D8420EC84A4EBAA85ED95A9EB8B88EB8BA42E0D0AEC9E90EC84B8ED959C20EC82ACED95ADEC9D9820EB85BCEC9D98EBA5BC20EC9C84ED95B420EC97B0EB9DBDEC9CBCEBA19C2E2E2E2E, 4500000.00, 450000.00, 180, '2016-07-14 15:16:02', '2016-07-14 16:12:54'),
	(15, 11, '1', '1', NULL, '1', NULL, 4000000.00, 400000.00, 160, '2016-07-14 15:20:02', NULL),
	(16, 3, '2', '2', '2016-07-14 14:40:58', '1', NULL, 30000000.00, 3000000.00, 90, '2016-07-14 14:40:59', NULL),
	(18, 4, '1', '1', NULL, '1', _binary 0x72716577, 125000.00, 12500.00, 3, '2016-07-15 13:39:30', '2016-07-15 13:41:50'),
	(18, 11, '1', '1', NULL, '1', _binary 0xEAB080EB8298EB8BA4EB9DBCEBA788EBB094EC82AC0D0AEAB3A0EC9AA9ECA3BCEB93A4EC9DB420EC9B90ED9598EB8A9420ED9484EBA19CECA09DED8AB820EC9A94EAB5AC20EC82ACED95ADEC9D8420EC9DB4ED95B4ED95A9EB8B88EB8BA40D0AEBB3B8EC9DB8EC9D9820EAB8B0EC88A0EAB3BC20EAB2BDED9798EC979020EC9D98EAB1B0ED9598EC97AC20EC9E90EC8BA0EC9DB420EC999C20EC9E91EC9785EC979020ECA081ED95A9ED959C20ED9484EBA6ACEB9E9CEC849CEC9DB8ECA78020EC84A4EBAA85ED95A9EB8B88EB8BA42E0D0AEAB3A0EC9AA9ECA3BCEB93A4EC9D9820ED9484EBA19CECA09DED8AB8EBA5BC20EC9984EBA38CED9598EBA0A4EB8A9420EBB0A9EBB295EAB3BC20EC9DB4EBA5BC20EC9C84ED95B420EAB780ED9598EAB08020EC82ACEC9AA9ED95A020EAB8B0EC88A0EC9D8420EC84A4EBAA85ED95A9EB8B88EB8BA42E, 125000.00, 12500.00, 10, '2016-07-15 19:36:59', '2016-07-15 19:37:29'),
	(19, 2, '1', '1', NULL, '1', _binary 0xEAB3A0EC9AA9ECA3BCEB93A4EC9DB420EC9B90ED9598EB8A9420ED9484EBA19CECA09DED8AB820EC9A94EAB5AC20EC82ACED95ADEC9D8420EC9DB4ED95B4ED95A9EB8B88EB8BA42E0D0AEBB3B8EC9DB8EC9D9820EAB8B0EC88A0EAB3BC20EAB2BDED9798EC979020EC9D98EAB1B0ED9598EC97AC20EC9E90EC8BA0EC9DB420EC999C20EC9E91EC9785EC979020ECA081ED95A9ED959C20ED9484EBA6ACEB9E9CEC849CEC9DB8ECA78020EC84A4EBAA85ED95A9EB8B88EB8BA42E0D0AEAB3A0EC9AA9ECA3BCEB93A4EC9D9820ED9484EBA19CECA09DED8AB8EBA5BC20EC9984EBA38CED9598EBA0A4EB8A9420EBB0A9EBB295EAB3BC20EC9DB4EBA5BC20EC9C84ED95B420EAB780ED9598EAB08020EC82ACEC9AA9ED95A020EAB8B0EC88A0EC9D8420EC84A4EBAA85ED95A9EB8B88EB8BA42E, 2000000.00, 200000.00, 55, '2016-07-15 10:11:02', '2016-07-15 10:12:31'),
	(19, 4, '3', '3', '2016-07-15 10:13:59', '2', _binary 0xECB884EB9DBCEC9DB4, 3000000.00, 300000.00, 60, '2016-07-15 10:09:22', '2016-07-15 10:13:59'),
	(19, 7, '1', '1', NULL, '1', _binary 0xEAB8B0EAB384EC8B9D20ED82A4EBB3B4EB939CEB8A9420EC82ACEB9E91EC9E85EB8B88EB8BA42E0D0AEAB8B0EAB384EC8B9D20ED82A4EBB3B4EB939CEB8A9420EC82ACEB9E91EC9E85EB8B88EB8BA42EEAB8B0EAB384EC8B9D20ED82A4EBB3B4EB939CEB8A9420EC82ACEB9E91EC9E85EB8B88EB8BA42EEAB8B0EAB384EC8B9D20ED82A4EBB3B4EB939CEB8A9420EC82ACEB9E91EC9E85EB8B88EB8BA42EEAB8B0EAB384EC8B9D20ED82A4EBB3B4EB939CEB8A9420EC82ACEB9E91EC9E85EB8B88EB8BA42EEAB8B0EAB384EC8B9D20ED82A4EBB3B4EB939CEB8A9420EC82ACEB9E91EC9E85EB8B88EB8BA42EEAB8B0EAB384EC8B9D20ED82A4EBB3B4EB939CEB8A9420EC82ACEB9E91EC9E85EB8B88EB8BA42EEAB8B0EAB384EC8B9D20ED82A4EBB3B4EB939CEB8A9420EC82ACEB9E91EC9E85EB8B88EB8BA42EEAB8B0EAB384EC8B9D20ED82A4EBB3B4EB939CEB8A9420EC82ACEB9E91EC9E85EB8B88EB8BA42EEAB8B0EAB384EC8B9D20ED82A4EBB3B4EB939CEB8A9420EC82ACEB9E91EC9E85EB8B88EB8BA42EEAB8B0EAB384EC8B9D20ED82A4EBB3B4EB939CEB8A9420EC82ACEB9E91EC9E85EB8B88EB8BA42E0D0AED82A4ECBAA1EC9D8420EBB094EABF94EC95BC20ED9598EB8A94EB8DB02E2E2E2E2E2E20EC9DB420ED9484EBA19CECA09DED8AB8EBA5BC20EB8299ECB0B0EBB09BEC9584EC849C20EC9E91EC9785ED9598EBA9B420ED82A4ECBAA1EC9D8420EC82B420EC889820EC9E88EC8AB5EB8B88EB8BA4212121210D0AED858CEC8AA4ED8AB8, 2250000.00, 225000.00, 55, '2016-07-14 18:46:51', '2016-07-14 19:25:10'),
	(21, 1, '2', '2', '2016-07-15 12:38:38', '1', NULL, 25.00, 2.50, 21, '2016-07-15 12:13:27', '2016-07-15 12:38:38'),
	(21, 6, '2', '2', '2016-07-14 20:42:12', '3', NULL, 25.00, 2.50, 21, '2016-07-14 20:40:09', '2016-07-15 12:40:32'),
	(22, 3, '2', '2', '2016-07-14 19:56:14', '1', _binary 0xEC97B4EC8BACED9E8820ED9598EAB2A0EC8AB5EB8B88EB8BA42E, 16000000.00, 1600000.00, 80, '2016-07-14 19:48:59', '2016-07-14 19:56:14'),
	(22, 9, '3', '3', '2016-07-14 20:09:02', '4', _binary 0xECB59CEC84A0EC9D8420EB8BA4ED9598EAB2A0EC8AB5EB8B88EB8BA42E, 18000000.00, 1800000.00, 90, '2016-07-14 19:55:34', '2016-07-14 20:09:02'),
	(23, 2, '3', '3', '2016-07-14 20:34:53', '2', NULL, 300000.00, 30000.00, 7, '2016-07-14 20:31:23', '2016-07-14 20:34:53'),
	(24, 2, '1', '1', NULL, '1', _binary '', 55000000.00, 5500000.00, 300, '2016-07-19 11:46:39', '2016-07-19 11:46:45'),
	(24, 6, '1', '1', NULL, '1', _binary 0xEC9584, 55000000.00, 5500000.00, 300, '2016-07-15 17:24:23', '2016-07-15 17:27:16'),
	(25, 11, '1', '2', '2016-07-15 18:22:50', '1', NULL, 300000.00, 30000.00, 7, '2016-07-15 18:22:53', NULL),
	(26, 11, '1', '1', NULL, '1', _binary 0xEAB780ED9598EC9D9820ECA09CEC9588EC9D8020EAB3A0EC9AA9ECA3BCEC9790EAB28C20ECA28BEC9D8020ECB2AB20EC9DB8EC8381EC9D8420EB82A8EAB8B0EB8A9420ECB2AB20EBB288ECA7B820EAB8B0ED9A8C28EC9584EBA788EB8F8420EC9CA0EC9DBCED959C20EAB8B0ED9A8C29EC9E85EB8B88EB8BA4210D0A0D0AEAB3A0EC9AA9ECA3BCEB93A4EC9DB420EC9B90ED9598EB8A9420ED9484EBA19CECA09DED8AB820EC9A94EAB5AC20EC82ACED95ADEC9D8420EC9DB4ED95B4ED95A9EB8B88EB8BA42E0D0AEBB3B8EC9DB8EC9D9820EAB8B0EC88A0EAB3BC20EAB2BDED9798EC979020EC9D98EAB1B0ED9598EC97AC20EC9E90EC8BA0EC9DB420EC999C20EC9E91EC9785EC979020ECA081ED95A9ED959C20ED9484EBA6ACEB9E9CEC849CEC9DB8ECA78020EC84A4EBAA85ED95A9EB8B88EB8BA42E0D0AEAB3A0EC9AA9ECA3BCEB93A4EC9D9820ED9484EBA19CECA09DED8AB8EBA5BC20EC9984EBA38CED9598EBA0A4EB8A9420EBB0A9EBB295EAB3BC20EC9DB4EBA5BC20EC9C84ED95B420EAB780ED9598EAB08020EC82ACEC9AA9ED95A020EAB8B0EC88A0EC9D8420EC84A4EBAA85ED95A9EB8B88EB8BA42E0D0AEC9E90EC84B8ED959C20EC82ACED95ADEC9D9820EB85BCEC9D98EBA5BC20EC9C84ED95B420EC97B0EB9DBDED9598EB8F84EBA19D20EAB7B8EB93A4EC9D8420ECB488EB8C80ED9598EC84B8EC9A942E20313233, 125000.00, 12500.00, 90, '2016-10-20 21:50:45', '2016-10-20 21:53:03');
/*!40000 ALTER TABLE `tbl_project_user` ENABLE KEYS */;


-- Dumping structure for table free.tbl_resume
CREATE TABLE IF NOT EXISTS `tbl_resume` (
  `user_id` int(11) NOT NULL,
  `project_id` int(11) NOT NULL,
  `project_name` varchar(450) DEFAULT NULL,
  `project_role` varchar(100) DEFAULT NULL,
  `customer` varchar(450) DEFAULT NULL,
  `company` varchar(450) DEFAULT NULL,
  `project_st_date` varchar(8) DEFAULT NULL,
  `project_ed_date` varchar(8) DEFAULT NULL,
  `create_time` datetime DEFAULT NULL,
  `update_time` datetime DEFAULT NULL,
  PRIMARY KEY (`user_id`,`project_id`)
) ENGINE=InnoDB DEFAULT CHARSET=utf8;

-- Dumping data for table free.tbl_resume: ~2 rows (approximately)
DELETE FROM `tbl_resume`;
/*!40000 ALTER TABLE `tbl_resume` DISABLE KEYS */;
INSERT INTO `tbl_resume` (`user_id`, `project_id`, `project_name`, `project_role`, `customer`, `company`, `project_st_date`, `project_ed_date`, `create_time`, `update_time`) VALUES
	(4, 1, '프로젝트', '1', '농심', '하이데브', '20160720', '20170720', '2016-07-20 10:40:42', '2016-07-22 18:59:56'),
	(4, 2, '프로젝트2', '2', '심평원', '하이데브', '20160101', '20170101', '2016-07-22 18:50:14', '2016-07-25 19:03:31');
/*!40000 ALTER TABLE `tbl_resume` ENABLE KEYS */;


-- Dumping structure for table free.tbl_skill
CREATE TABLE IF NOT EXISTS `tbl_skill` (
  `skill_id` int(11) NOT NULL,
  `skill_name` varchar(450) DEFAULT NULL,
  `skill_type` int(11) DEFAULT '5',
  `is_admin` char(1) DEFAULT NULL COMMENT '관리자 생성여부\n- 0 : 사용자\n- 1 : 관리자',
  `confirm_yn` char(1) DEFAULT NULL COMMENT '승인여부\n- 0 : 미승인\n- 1 : 승인',
  `confirm_time` datetime DEFAULT NULL,
  `use_yn` char(1) NOT NULL DEFAULT '1' COMMENT '사용여부\n- 0 : 미사용\n- 1 : 사용',
  `create_id` int(11) DEFAULT NULL,
  `create_time` datetime DEFAULT NULL,
  PRIMARY KEY (`skill_id`)
) ENGINE=InnoDB DEFAULT CHARSET=utf8;

-- Dumping data for table free.tbl_skill: ~52 rows (approximately)
DELETE FROM `tbl_skill`;
/*!40000 ALTER TABLE `tbl_skill` DISABLE KEYS */;
INSERT INTO `tbl_skill` (`skill_id`, `skill_name`, `skill_type`, `is_admin`, `confirm_yn`, `confirm_time`, `use_yn`, `create_id`, `create_time`) VALUES
	(1, 'JAVA', 1, '1', '1', NULL, '1', 1, '2016-07-04 11:36:00'),
	(2, 'PHP', 1, '1', '1', NULL, '1', 1, '2016-07-04 11:36:00'),
	(3, 'ASP', 1, '1', '1', NULL, '1', 1, '2016-07-04 11:36:00'),
	(4, '.NET', 1, '1', '1', NULL, '1', 1, '2016-07-04 11:36:00'),
	(5, 'HTML', 1, '1', '1', NULL, '1', 1, '2016-07-04 11:36:00'),
	(6, 'ORACLE', 2, '1', '1', NULL, '1', 1, '2016-07-04 11:36:00'),
	(7, 'MSSQL', 2, '1', '1', NULL, '1', 1, '2016-07-04 11:36:00'),
	(8, 'MYSQL', 2, '1', '1', NULL, '1', 1, '2016-07-04 11:36:00'),
	(9, '워드프레스', 3, '1', '1', NULL, '1', 1, '2016-07-04 11:36:00'),
	(10, '자바스크립트', 1, '1', '1', NULL, '1', 1, '2016-07-04 11:36:00'),
	(11, 'CSS', 1, '1', '1', NULL, '1', 1, '2016-07-04 11:36:00'),
	(12, 'C 프로그래밍', 1, '1', '1', NULL, '1', 1, '2016-07-04 11:36:00'),
	(13, 'C# 프로그래밍', 1, '1', '1', NULL, '1', 1, '2016-07-04 11:36:00'),
	(14, 'C++ 프로그래밍', 1, '1', '1', NULL, '1', 1, '2016-07-04 11:36:00'),
	(15, 'XML', 1, '1', '1', NULL, '1', 1, '2016-07-04 11:36:00'),
	(16, 'SAP', 5, '1', '1', NULL, '1', 1, '2016-07-04 11:36:00'),
	(17, '유닉스', 5, '1', '1', NULL, '1', 1, '2016-07-04 11:36:00'),
	(18, 'JEUS', 2, '1', '1', NULL, '1', 1, '2016-07-04 11:36:00'),
	(19, '전자정부프레임워크', 4, '1', '1', NULL, '1', 1, '2016-07-04 11:36:00'),
	(20, 'SPRING 프레임워크', 4, '1', '1', NULL, '1', 1, '2016-07-04 11:36:00'),
	(21, 'JSP', 1, '1', '1', NULL, '1', 1, '2016-07-04 11:36:00'),
	(22, 'HTML5', 1, '1', '1', NULL, '1', 1, '2016-07-04 11:36:00'),
	(23, '안드로이드', 3, '1', '1', NULL, '1', 1, '2016-07-04 11:36:00'),
	(24, '아이폰', 3, '1', '1', NULL, '1', 1, '2016-07-04 11:36:00'),
	(25, 'POWER BUILDER', 3, '1', '1', NULL, '1', 1, '2016-07-04 11:36:00'),
	(26, '모바일', 5, '1', '1', NULL, '1', 1, '2016-07-04 11:36:00'),
	(27, '퍼블리싱', 5, '1', '1', NULL, '1', 1, '2016-07-04 11:36:00'),
	(28, '포토샵', 5, '1', '1', NULL, '1', 1, '2016-07-04 11:36:00'),
	(29, '일러스트', 5, '1', '1', NULL, '1', 1, '2016-07-04 11:36:00'),
	(30, '플래시', 5, '1', '1', NULL, '1', 1, '2016-07-04 11:36:00'),
	(31, '플렉스', 5, '1', '1', NULL, '1', 1, '2016-07-04 11:36:00'),
	(32, '액션스크립트', 5, '1', '1', NULL, '1', 1, '2016-07-04 11:36:00'),
	(33, '반응형웹', 5, '1', '1', NULL, '1', 1, '2016-07-04 11:36:00'),
	(34, 'WEBLOGIC', 5, '1', '1', NULL, '1', 1, '2016-07-04 11:36:00'),
	(35, 'SWING', 5, '1', '1', NULL, '1', 1, '2016-07-04 11:36:00'),
	(36, 'AJAX', 5, '1', '1', NULL, '1', 1, '2016-07-04 11:36:00'),
	(37, '웹표준', 5, '1', '1', NULL, '1', 1, '2016-07-04 11:36:00'),
	(38, '웹접근성', 5, '1', '1', NULL, '1', 1, '2016-07-04 11:36:00'),
	(39, '웹디자인', 5, '1', '1', NULL, '1', 1, '2016-07-04 11:36:00'),
	(40, '게임', 5, '1', '1', NULL, '1', 1, '2016-07-04 11:36:00'),
	(41, '그래픽', 5, '1', '1', NULL, '1', 1, '2016-07-04 11:36:00'),
	(42, '영상', 5, '1', '1', NULL, '1', 1, '2016-07-04 11:36:00'),
	(43, '로고', 5, '1', '1', NULL, '1', 1, '2016-07-04 11:36:00'),
	(44, 'VB', 5, '1', '1', NULL, '1', 1, '2016-07-04 11:36:00'),
	(45, 'VC++', 5, '1', '1', NULL, '1', 1, '2016-07-04 11:36:00'),
	(46, '임베디드', 5, '1', '1', NULL, '1', 1, '2016-07-04 11:36:00'),
	(47, '웹기획', 5, '1', '1', NULL, '1', 1, '2016-07-04 11:36:00'),
	(48, '모바일기획', 5, '1', '1', NULL, '1', 1, '2016-07-04 11:36:00'),
	(49, '3D', 5, '1', '1', NULL, '1', 1, '2016-07-04 11:36:00'),
	(50, '리눅스', 5, '1', '1', NULL, '1', 1, '2016-07-04 11:36:00'),
	(51, '프레젠테이션', 5, '1', '1', NULL, '1', 1, '2016-07-04 11:36:00'),
	(52, '맥 OS', 5, '1', '1', NULL, '1', 1, '2016-07-04 11:36:00');
/*!40000 ALTER TABLE `tbl_skill` ENABLE KEYS */;


-- Dumping structure for table free.tbl_user
CREATE TABLE IF NOT EXISTS `tbl_user` (
  `user_id` int(11) NOT NULL,
  `email` varchar(45) NOT NULL,
  `username` varchar(45) NOT NULL,
  `password` blob NOT NULL,
  `fullname` varchar(45) DEFAULT NULL,
  `user_role` varchar(25) DEFAULT NULL COMMENT '사용자 구분\n- 1 : 구인\n- 2 : 구직',
  `area_code` int(11) DEFAULT NULL,
  `zipcode` varchar(6) DEFAULT NULL,
  `address_detail` varchar(450) DEFAULT NULL,
  `phone` varchar(15) DEFAULT NULL,
  `company` varchar(45) DEFAULT NULL,
  `attach_file_id` int(11) DEFAULT NULL,
  `create_time` datetime DEFAULT NULL,
  `update_time` datetime DEFAULT NULL,
  PRIMARY KEY (`user_id`)
) ENGINE=InnoDB DEFAULT CHARSET=utf8;

-- Dumping data for table free.tbl_user: ~11 rows (approximately)
DELETE FROM `tbl_user`;
/*!40000 ALTER TABLE `tbl_user` DISABLE KEYS */;
INSERT INTO `tbl_user` (`user_id`, `email`, `username`, `password`, `fullname`, `user_role`, `area_code`, `zipcode`, `address_detail`, `phone`, `company`, `attach_file_id`, `create_time`, `update_time`) VALUES
	(1, 'mn12op@gmail.com', 'mn12op', _binary 0xCD3F7EE7DD6C4F899139949D6EB6851D, '김지현', '1', 92, NULL, '하안동', NULL, '하이데브', NULL, '2016-07-04 19:16:24', '2016-07-14 19:38:32'),
	(2, 'stomline@naver.com', 'stomline', _binary 0xCD3F7EE7DD6C4F899139949D6EB6851D, NULL, '2', NULL, NULL, NULL, NULL, NULL, NULL, '2016-07-04 09:40:30', '2016-07-15 10:05:41'),
	(3, 'mn12op@naver.com', 'po2345', _binary 0xCD3F7EE7DD6C4F899139949D6EB6851D, NULL, '2', NULL, NULL, NULL, NULL, NULL, NULL, '2016-07-04 19:13:25', NULL),
	(4, 'trustswim@gmail.com', 'trustswim', _binary 0xCD3F7EE7DD6C4F899139949D6EB6851D, NULL, '1', NULL, NULL, NULL, NULL, NULL, NULL, '2016-07-05 08:37:15', '2016-07-05 21:42:35'),
	(5, 'qksekfdl@gmail.com', 'nibbong', _binary 0xCD3F7EE7DD6C4F899139949D6EB6851D, NULL, '1', NULL, NULL, NULL, NULL, NULL, NULL, '2016-07-05 17:34:36', '2016-07-15 10:18:17'),
	(6, 'whwlrwjdtls@naver.com', 'whwlrwjdtls', _binary 0xCD3F7EE7DD6C4F899139949D6EB6851D, NULL, '2', NULL, NULL, NULL, NULL, NULL, NULL, '2016-07-05 17:35:59', NULL),
	(7, 'stomline@hidev.com', 'crazyjelly', _binary 0x080734004E8125D526606A6546CA91B6, '아무개', '2', 92, NULL, '광명동 123-123', NULL, '하이데브', NULL, '2016-07-06 18:43:10', '2016-07-13 18:18:45'),
	(8, 'xman406@naver.com', 'xman406', _binary 0x31323334, NULL, '2', NULL, NULL, NULL, NULL, NULL, NULL, '2016-07-06 18:43:10', NULL),
	(9, 'sunny@naver.com', 'sunny', _binary 0xCD3F7EE7DD6C4F899139949D6EB6851D, NULL, '2', NULL, NULL, NULL, NULL, NULL, NULL, '2016-07-08 13:17:45', NULL),
	(10, 'mn12op@hidev.co.kr', 'hyun', _binary 0xCD3F7EE7DD6C4F899139949D6EB6851D, NULL, '1', NULL, NULL, NULL, NULL, NULL, NULL, '2016-07-14 14:40:57', NULL),
	(11, 'hachi0330@naver.com', 'hachi0330', _binary 0xCD3F7EE7DD6C4F899139949D6EB6851D, NULL, '2', NULL, NULL, NULL, NULL, NULL, NULL, '2016-07-14 16:03:49', NULL);
/*!40000 ALTER TABLE `tbl_user` ENABLE KEYS */;


-- Dumping structure for table free.tbl_user_result
CREATE TABLE IF NOT EXISTS `tbl_user_result` (
  `user_id` int(11) NOT NULL,
  `project_id` int(11) NOT NULL,
  `user_role` varchar(8) DEFAULT NULL COMMENT '구인자에대한 평가인지 구직자에대한 평가인지-> 1 구인 2 구직',
  `reviewer_id` int(11) DEFAULT NULL COMMENT '평가자 id\n',
  `completion` int(11) DEFAULT NULL COMMENT '작업 완료율',
  `budget` int(11) DEFAULT NULL COMMENT '예산 준수율',
  `time` int(11) DEFAULT NULL COMMENT '시간 준수율',
  `duplicate` int(11) DEFAULT NULL COMMENT '중복 고용율',
  `review` longtext COMMENT '리뷰',
  `hire_quality` int(11) DEFAULT NULL COMMENT '구직자의 작업 품질을  평가 (1~5)',
  `hire_communcation` int(11) DEFAULT NULL COMMENT '구직자의 의사소통능력을 평가 (1~5)',
  `hire_expertise` int(11) DEFAULT NULL COMMENT '구직자의 전문성을 평가 (1~5)',
  `hire_professionalism` int(11) DEFAULT NULL COMMENT '구직자의 책임감을 평가 (1~5)',
  `hire_rework` int(11) DEFAULT NULL COMMENT '재 고용의사',
  `em_specification` int(11) DEFAULT NULL COMMENT '구인자의 작업 설명(요구사항)을 평가 (1~5)',
  `em_communcation` int(11) DEFAULT NULL COMMENT '구인자의 의사소통능력을 평가 (1~5)',
  `em_promptness` int(11) DEFAULT NULL COMMENT '구인자의 지불 신속성을 평가 (1~5)',
  `em_professionalism` int(11) DEFAULT NULL COMMENT '구인자의 책임감을 평가 (1~5)',
  `em_rework` int(11) DEFAULT NULL COMMENT '재 구직의사',
  `update_time` datetime DEFAULT NULL,
  `create_time` datetime DEFAULT NULL,
  PRIMARY KEY (`user_id`,`project_id`)
) ENGINE=InnoDB DEFAULT CHARSET=utf8;

-- Dumping data for table free.tbl_user_result: ~8 rows (approximately)
DELETE FROM `tbl_user_result`;
/*!40000 ALTER TABLE `tbl_user_result` DISABLE KEYS */;
INSERT INTO `tbl_user_result` (`user_id`, `project_id`, `user_role`, `reviewer_id`, `completion`, `budget`, `time`, `duplicate`, `review`, `hire_quality`, `hire_communcation`, `hire_expertise`, `hire_professionalism`, `hire_rework`, `em_specification`, `em_communcation`, `em_promptness`, `em_professionalism`, `em_rework`, `update_time`, `create_time`) VALUES
	(1, 3, '2', NULL, 1, 1, 1, 0, '끝', 5, 4, 3, 2, 1, NULL, NULL, NULL, NULL, NULL, NULL, '2016-07-14 11:51:27'),
	(1, 22, '1', NULL, NULL, NULL, NULL, 0, '고생하셧습니다.', NULL, NULL, NULL, NULL, NULL, 2, 2, 5, 3, 4, NULL, '2016-07-14 20:28:09'),
	(2, 11, '2', NULL, 1, 1, 0, 0, '수고하셨습니다.....................', 3, 3, 2, 2, 1, NULL, NULL, NULL, NULL, NULL, NULL, '2016-07-14 17:12:17'),
	(2, 15, '2', NULL, 1, 1, 1, 0, '결과물도 만족스럽고 모든 면에서 좋았습니다. 디자인적, 기획적 전문역량이 느껴지는 좋은 피드백, 제안을 많이 해주셔서 저희도 많은 공부가 되었습니다. ', 5, 4, 4, 4, 3, NULL, NULL, NULL, NULL, NULL, NULL, '2016-07-14 17:04:25'),
	(5, 11, '1', 2, NULL, NULL, NULL, 0, '', NULL, NULL, NULL, NULL, NULL, 3, 3, 2, 3, 2, '2016-07-19 17:37:41', '2016-07-18 19:15:05'),
	(5, 15, '1', 2, NULL, NULL, NULL, 0, '돈은 빨리 줘서 좋네요.', NULL, NULL, NULL, NULL, NULL, 3, 2, 5, 2, 1, '2016-07-19 11:30:38', '2016-07-14 17:32:58'),
	(7, 15, '2', NULL, 1, 0, 1, 0, '수고하셨습니다.', 3, 3, 3, 3, 1, NULL, NULL, NULL, NULL, NULL, NULL, '2016-07-14 17:05:27'),
	(9, 22, '2', NULL, 1, 1, 1, 0, '고생하셨습니다.', 3, 3, 2, 5, 5, NULL, NULL, NULL, NULL, NULL, NULL, '2016-07-14 20:29:53');
/*!40000 ALTER TABLE `tbl_user_result` ENABLE KEYS */;


-- Dumping structure for table free.tbl_user_resume_skill
CREATE TABLE IF NOT EXISTS `tbl_user_resume_skill` (
  `user_id` int(11) NOT NULL,
  `project_id` int(11) NOT NULL,
  `skill_id` int(11) NOT NULL,
  `skill_type` varchar(3) DEFAULT NULL,
  `skill_name` varchar(450) DEFAULT NULL,
  PRIMARY KEY (`user_id`,`project_id`,`skill_id`)
) ENGINE=InnoDB DEFAULT CHARSET=utf8;

-- Dumping data for table free.tbl_user_resume_skill: ~13 rows (approximately)
DELETE FROM `tbl_user_resume_skill`;
/*!40000 ALTER TABLE `tbl_user_resume_skill` DISABLE KEYS */;
INSERT INTO `tbl_user_resume_skill` (`user_id`, `project_id`, `skill_id`, `skill_type`, `skill_name`) VALUES
	(4, 1, 3, '1', 'ASP'),
	(4, 1, 7, '2', 'MSSQL'),
	(4, 1, 23, '3', '안드로이드'),
	(4, 1, 39, '5', '웹디자인'),
	(4, 2, 1, '1', 'JAVA'),
	(4, 2, 3, '1', 'ASP'),
	(4, 2, 7, '2', 'MSSQL'),
	(4, 2, 8, '2', 'MYSQL'),
	(4, 2, 17, '5', '유닉스'),
	(4, 2, 20, '4', 'SPRING 프레임워크'),
	(4, 2, 23, '3', '안드로이드'),
	(4, 2, 25, '3', 'POWER BUILDER'),
	(4, 2, 51, '5', '프레젠테이션');
/*!40000 ALTER TABLE `tbl_user_resume_skill` ENABLE KEYS */;


-- Dumping structure for table free.tbl_user_skill
CREATE TABLE IF NOT EXISTS `tbl_user_skill` (
  `user_id` int(11) NOT NULL,
  `skill_id` int(11) NOT NULL,
  `skill_name` varchar(450) DEFAULT NULL,
  PRIMARY KEY (`user_id`,`skill_id`)
) ENGINE=InnoDB DEFAULT CHARSET=utf8;

-- Dumping data for table free.tbl_user_skill: ~55 rows (approximately)
DELETE FROM `tbl_user_skill`;
/*!40000 ALTER TABLE `tbl_user_skill` DISABLE KEYS */;
INSERT INTO `tbl_user_skill` (`user_id`, `skill_id`, `skill_name`) VALUES
	(1, 5, 'HTML'),
	(2, 1, 'JAVA'),
	(2, 2, 'PHP'),
	(2, 8, 'MYSQL'),
	(2, 19, '전자정부프레임워크'),
	(2, 28, '포토샵'),
	(2, 36, 'AJAX'),
	(3, 2, 'PHP'),
	(3, 5, 'HTML'),
	(3, 7, 'MSSQL'),
	(3, 8, 'MYSQL'),
	(3, 10, 'JAVASCRIPT'),
	(3, 11, 'CSS'),
	(3, 21, 'JSP'),
	(3, 22, 'HTML5'),
	(3, 23, '안드로이드'),
	(4, 2, 'PHP'),
	(4, 6, 'ORACLE'),
	(4, 7, 'MSSQL'),
	(4, 8, 'MYSQL'),
	(4, 9, '워드프레스'),
	(4, 28, '포토샵'),
	(4, 37, '웹표준'),
	(5, 1, 'JAVA'),
	(5, 2, 'PHP'),
	(5, 8, 'MYSQL'),
	(6, 2, 'PHP'),
	(7, 2, 'PHP'),
	(7, 5, 'HTML'),
	(7, 6, 'ORACLE'),
	(7, 8, 'MYSQL'),
	(7, 11, 'CSS'),
	(7, 19, '전자정부프레임워크'),
	(7, 28, '포토샵'),
	(9, 1, 'JAVA'),
	(9, 5, 'HTML'),
	(9, 6, 'ORACLE'),
	(9, 10, 'JAVASCRIPT'),
	(9, 20, 'SPRING 프레임워크'),
	(9, 24, '아이폰'),
	(9, 27, '퍼블리싱'),
	(9, 29, '일러스트'),
	(9, 34, 'WEBLOGIC'),
	(9, 37, '웹표준'),
	(9, 39, '웹디자인'),
	(9, 40, '게임'),
	(9, 43, '로고'),
	(9, 44, 'VB'),
	(9, 48, '모바일기획'),
	(9, 52, '맥 OS'),
	(11, 2, 'PHP'),
	(11, 8, 'MYSQL'),
	(11, 11, 'CSS'),
	(11, 28, '포토샵'),
	(11, 36, 'AJAX');
/*!40000 ALTER TABLE `tbl_user_skill` ENABLE KEYS */;
/*!40101 SET SQL_MODE=IFNULL(@OLD_SQL_MODE, '') */;
/*!40014 SET FOREIGN_KEY_CHECKS=IF(@OLD_FOREIGN_KEY_CHECKS IS NULL, 1, @OLD_FOREIGN_KEY_CHECKS) */;
/*!40101 SET CHARACTER_SET_CLIENT=@OLD_CHARACTER_SET_CLIENT */;
